Time UTC;osh_ARV1_ext[0];osh_ARV1_ext[1];osh_ARV1_ext[2];osh_ARV1_ext[3];osh_ARV1_ext[4];osh_ARV1_ext[5];osh_ARV1_ext[6];osh_ARV1_ext[7];osh_ARV1_ext[8];osh_ARV1_ext[9];osh_ARV1_ext[10];osh_ARV1_ext[11];osh_ARV1_ext[12];osh_ARV1_ext[13];osh_ARV1_ext[14];osh_ARV1_ext[15];osh_ARV1_ext[16];osh_ARV1_ext[17];osh_ARV1_ext[18];osh_ARV1_ext[19];osh_ARV1_ext[20];osh_ARV1_ext[21];osh_ARV1_ext[22];osh_ARV1_ext[23];osh_ARV1_ext[24];osh_ARV2_ext[0];osh_ARV2_ext[1];osh_ARV2_ext[2];osh_ARV2_ext[3];osh_ARV2_ext[4];osh_ARV2_ext[5];osh_ARV3_ext[0];osh_ARV3_ext[1];osh_ARV3_ext[2];osh_ARV3_ext[3];osh_ARV3_ext[4];osh_ARV3_ext[5];osh_ARV4_ext[0];osh_ARV4_ext[1];osh_ARV4_ext[2];osh_ARV4_ext[3];osh_ARV4_ext[4];osh_ARV4_ext[5];osh_ARV4_ext[6];osh_ARV4_ext[7];osh_ARV4_ext[8];osh_ARV5_ext[0];osh_ARV5_ext[1];osh_ARV5_ext[2];osh_ARV5_ext[3];osh_ARV6_ext[0];osh_ARV6_ext[1];osh_ARV6_ext[2];osh_ARV6_ext[3];osh_ARV6_ext[4];osh_ARV6_ext[5];osh_ARV7_ext[0];osh_ARV7_ext[1];osh_ARV7_ext[2];osh_ARV7_ext[3];osh_ARV7_ext[4];osh_ARV7_ext[5]
21.10.2023 02:30:21.000000;0.000;0.000;0.000;0.000;0.000;0.000;0.000;0.000;0.000;0.000;0.000;0.000;0.000;0.000;0.000;0.000;0.000;0.000;0.000;0.000;0.000;0.000;0.000;0.481;0.003;0.000;4.000;0.000;0.000;0.000;0.000;0.000;4.000;0.000;0.000;0.000;0.000;0.000;5.000;0.000;0.000;0.000;0.000;0.000;0.000;0.000;0.000;0.000;0.000;-37.009;0.000;4.000;0.000;0.000;0.000;0.000;0.000;999.000;0.000;0.000;0.000;0.000
21.10.2023 02:30:22.000000;0.000;0.000;0.000;0.000;0.000;0.000;0.000;0.000;0.000;0.000;0.000;0.000;0.000;0.000;0.000;0.000;0.000;0.000;0.000;0.000;0.000;0.000;0.000;0.567;0.003;0.000;4.000;0.000;0.000;0.000;0.000;0.000;4.000;0.000;0.000;0.000;0.000;0.000;5.000;0.000;0.000;0.000;0.000;0.000;0.000;0.000;0.000;0.000;0.000;-37.010;0.000;4.000;0.000;0.000;0.000;0.000;0.000;999.000;0.000;0.000;0.000;0.000
21.10.2023 02:30:23.000000;0.000;0.000;0.000;0.000;0.000;0.000;0.000;0.000;0.000;0.000;0.000;0.000;0.000;0.000;0.000;0.000;0.000;1.912;156.724;1.000;0.000;0.000;0.000;1.468;0.001;0.000;4.000;0.000;0.000;0.000;0.000;0.000;4.000;0.000;0.000;0.000;0.000;0.000;5.000;0.000;0.000;0.000;0.000;0.000;0.000;0.000;0.000;0.000;0.000;-37.011;0.000;4.000;0.000;0.000;0.000;0.000;0.000;999.000;0.000;0.000;0.000;0.000
21.10.2023 02:30:24.000000;0.000;0.000;0.000;0.000;0.000;0.000;0.000;0.000;0.000;0.000;0.000;0.000;0.000;0.000;0.451;-12.595;1.000;0.000;0.000;0.000;0.000;0.000;0.000;0.391;0.003;0.000;4.000;0.000;0.000;0.000;0.000;0.000;4.000;0.000;0.000;0.000;0.000;0.000;5.000;0.000;0.000;0.000;0.000;0.000;0.000;0.000;0.000;0.000;0.000;-37.012;0.000;4.000;0.000;0.000;0.000;0.000;0.000;999.000;0.000;0.000;0.000;0.000
21.10.2023 02:30:25.000000;0.000;0.000;0.000;0.000;0.000;0.000;0.000;0.000;0.000;0.000;0.000;0.000;0.000;0.000;0.000;0.000;0.000;0.000;0.000;0.000;0.000;0.000;0.000;0.356;0.002;0.000;4.000;0.000;0.000;0.000;0.000;0.000;4.000;0.000;0.000;0.000;0.000;0.000;4.000;0.000;0.000;0.000;0.000;0.000;0.000;0.000;0.000;0.000;0.000;-37.014;0.000;4.000;0.000;0.000;0.000;0.000;0.000;999.000;0.000;0.000;0.000;0.000
21.10.2023 02:30:26.000000;0.000;0.000;0.000;0.000;0.000;0.000;0.000;0.000;0.000;0.000;0.000;0.000;0.000;0.000;0.000;0.000;0.000;0.000;0.000;0.000;0.000;0.000;0.000;0.323;0.001;0.000;4.000;0.000;0.000;0.000;0.000;0.000;4.000;0.000;0.000;0.000;0.000;0.000;4.000;0.000;0.000;0.000;0.000;0.000;0.000;0.000;0.000;0.000;0.000;-37.015;0.000;4.000;0.000;0.000;0.000;0.000;0.000;999.000;0.000;0.000;0.000;0.000
21.10.2023 02:30:27.000000;0.000;0.000;0.000;0.000;0.000;0.000;0.000;0.000;0.000;0.000;0.000;0.000;0.000;0.000;0.000;0.000;0.000;0.000;0.000;0.000;0.000;0.000;0.000;0.748;0.001;0.000;4.000;0.000;0.000;0.000;0.000;0.000;4.000;0.000;0.000;0.000;0.000;0.000;4.000;0.000;0.000;0.000;0.000;0.000;0.000;0.000;0.000;0.000;0.000;-37.016;0.000;4.000;0.000;0.000;0.000;0.000;0.000;999.000;0.000;0.000;0.000;0.000
21.10.2023 02:30:28.000000;0.000;0.000;0.000;0.000;0.000;0.000;0.000;0.000;0.000;0.000;0.000;0.000;0.000;0.000;0.000;0.000;0.000;0.000;0.000;0.000;0.000;0.000;0.000;1.157;0.002;0.000;4.000;0.000;0.000;0.000;0.000;0.000;4.000;0.000;0.000;0.000;0.000;0.000;5.000;0.000;0.000;0.000;0.000;0.000;0.000;0.000;0.000;0.000;0.000;-37.018;0.000;4.000;0.000;0.000;0.000;0.000;0.000;999.000;0.000;0.000;0.000;0.000
21.10.2023 02:30:29.000000;0.000;0.000;0.000;0.000;0.000;0.000;0.000;0.000;0.000;0.000;0.000;0.000;0.000;0.000;0.000;0.000;0.000;0.000;0.000;0.000;0.000;0.000;0.000;0.431;0.003;0.000;4.000;0.000;0.000;0.000;0.000;0.000;4.000;0.000;0.000;0.000;0.000;0.000;5.000;0.000;0.000;0.000;0.000;0.000;0.000;0.000;0.000;0.000;0.000;-37.020;0.000;4.000;0.000;0.000;0.000;0.000;0.000;999.000;0.000;0.000;0.000;0.000
21.10.2023 02:30:30.000000;0.000;0.000;0.000;0.000;0.000;0.000;0.000;0.000;0.000;0.000;0.000;0.000;0.000;0.000;0.000;0.000;0.000;0.000;0.000;0.000;0.000;0.000;0.000;0.211;0.003;0.000;4.000;0.000;0.000;0.000;0.000;0.000;4.000;0.000;0.000;0.000;0.000;0.000;5.000;0.000;0.000;0.000;0.000;0.000;0.000;0.000;0.000;0.000;0.000;-37.020;0.000;4.000;0.000;0.000;0.000;0.000;0.000;999.000;0.000;0.000;0.000;0.000
21.10.2023 02:30:31.000000;0.000;0.000;0.000;0.000;0.000;0.000;0.000;0.000;0.000;0.000;0.000;0.000;0.000;0.000;0.000;0.000;0.000;0.000;0.000;0.000;0.000;0.000;0.000;1.292;0.001;0.000;4.000;0.000;0.000;0.000;0.000;0.000;4.000;0.000;0.000;0.000;0.000;0.000;5.000;0.000;0.000;0.000;0.000;0.000;0.000;0.000;0.000;0.000;0.000;-37.020;0.000;4.000;0.000;0.000;0.000;0.000;0.000;999.000;0.000;0.000;0.000;0.000
21.10.2023 02:30:32.000000;0.000;0.000;0.000;0.000;0.000;0.000;0.000;0.000;0.000;0.000;0.000;0.000;0.000;0.000;0.000;0.000;0.000;0.000;0.000;0.000;0.000;0.000;0.000;0.417;0.006;0.000;4.000;0.000;0.000;0.000;0.000;0.000;4.000;0.000;0.000;0.000;0.000;0.000;5.000;0.000;0.000;0.000;0.000;0.000;0.000;0.000;0.000;0.000;0.000;-37.021;0.000;4.000;0.000;0.000;0.000;0.000;0.000;999.000;0.000;0.000;0.000;0.000
21.10.2023 02:30:33.000000;0.000;0.000;0.000;0.000;0.000;0.000;0.000;0.000;0.000;0.000;0.000;0.000;0.000;0.000;0.000;0.000;0.000;0.000;0.000;0.000;0.000;0.000;0.000;0.415;0.008;0.000;4.000;0.000;0.000;0.000;0.000;0.000;4.000;0.000;0.000;0.000;0.000;0.000;5.000;0.000;0.000;0.000;0.000;0.000;0.000;0.000;0.000;0.000;0.000;-37.023;0.000;4.000;0.000;0.000;0.000;0.000;0.000;999.000;0.000;0.000;0.000;0.000
21.10.2023 02:30:34.000000;0.000;0.000;0.000;0.000;0.000;0.000;0.000;0.000;0.000;0.000;0.000;0.000;0.000;0.000;0.000;0.000;0.000;0.000;0.000;0.000;0.000;0.000;0.000;0.376;0.009;0.000;4.000;0.000;0.000;0.000;0.000;0.000;4.000;0.000;0.000;0.000;0.000;0.000;5.000;0.000;0.000;0.000;0.000;0.000;0.000;0.000;0.000;0.000;0.000;-37.024;0.000;4.000;0.000;0.000;0.000;0.000;0.000;999.000;0.000;0.000;0.000;0.000
21.10.2023 02:30:35.000000;0.000;0.000;0.000;0.000;0.000;0.000;0.000;0.000;0.000;0.000;0.000;0.000;0.000;0.000;0.000;0.000;0.000;0.000;0.000;0.000;0.000;0.000;0.000;0.338;0.009;0.000;4.000;0.000;0.000;0.000;0.000;0.000;4.000;0.000;0.000;0.000;0.000;0.000;5.000;0.000;0.000;0.000;0.000;0.000;0.000;0.000;0.000;0.000;0.000;-37.028;0.000;4.000;0.000;0.000;0.000;0.000;0.000;999.000;0.000;0.000;0.000;0.000
21.10.2023 02:30:36.000000;0.000;0.000;0.000;0.000;0.000;0.000;0.000;0.000;0.000;0.000;0.000;0.000;0.000;0.000;0.000;0.000;0.000;0.000;0.000;0.000;0.000;0.000;0.000;0.320;0.011;0.000;4.000;0.000;0.000;0.000;0.000;0.000;4.000;0.000;0.000;0.000;0.000;0.000;4.000;0.000;0.000;0.000;0.000;0.000;0.000;0.000;0.000;0.000;0.000;-37.029;0.000;4.000;0.000;0.000;0.000;0.000;0.000;999.000;0.000;0.000;0.000;0.000
21.10.2023 02:30:37.000000;0.000;0.000;0.000;0.000;0.000;0.000;0.000;0.000;0.000;0.000;0.000;0.000;0.000;0.000;0.000;0.000;0.000;0.000;0.000;0.000;0.000;0.000;0.000;0.373;0.010;0.000;4.000;0.000;0.000;0.000;0.000;0.000;4.000;0.000;0.000;0.000;0.000;0.000;5.000;0.000;0.000;0.000;0.000;0.000;0.000;0.000;0.000;0.000;0.000;-37.030;0.000;4.000;0.000;0.000;0.000;0.000;0.000;999.000;0.000;0.000;0.000;0.000
21.10.2023 02:30:38.000000;0.000;0.000;0.000;0.000;0.000;0.000;0.000;0.000;0.000;0.000;0.000;0.000;0.000;0.000;0.000;0.000;0.000;0.000;0.000;0.000;0.000;0.000;0.000;1.982;0.001;0.000;4.000;0.000;0.000;0.000;0.000;0.000;4.000;0.000;0.000;0.000;0.000;0.000;4.000;0.000;0.000;0.000;0.000;0.000;0.000;0.000;0.000;0.000;0.000;-37.034;0.000;4.000;0.000;0.000;0.000;0.000;0.000;999.000;0.000;0.000;0.000;0.000
21.10.2023 02:30:39.000000;0.000;0.000;0.000;0.000;0.000;0.000;0.000;0.000;0.000;0.000;0.000;0.000;0.000;0.000;0.000;0.000;0.000;0.000;0.000;0.000;0.000;0.000;0.000;0.290;0.012;0.000;4.000;0.000;0.000;0.000;0.000;0.000;4.000;0.000;0.000;0.000;0.000;0.000;4.000;0.000;0.000;0.000;0.000;0.000;0.000;0.000;0.000;0.000;0.000;-37.034;0.000;4.000;0.000;0.000;0.000;0.000;0.000;999.000;0.000;0.000;0.000;0.000
21.10.2023 02:30:40.000000;0.000;0.000;0.000;0.000;0.000;0.000;0.000;0.000;0.000;0.000;0.000;0.341;-21.431;1.000;0.000;0.000;0.000;0.000;0.000;0.000;0.000;0.000;0.000;0.355;0.015;0.000;4.000;0.000;0.000;0.000;0.000;0.000;4.000;0.000;0.000;0.000;0.000;0.000;5.000;0.000;0.000;0.000;0.000;0.000;0.000;0.000;0.000;0.000;0.000;-37.034;0.000;4.000;0.000;0.000;0.000;0.000;0.000;999.000;0.000;0.000;0.000;0.000
21.10.2023 02:30:41.000000;0.000;0.000;0.000;0.000;0.000;0.000;0.000;0.000;0.000;0.000;0.000;0.000;0.000;0.000;0.000;0.000;0.000;0.000;0.000;0.000;0.000;0.000;0.000;0.340;0.016;0.000;4.000;0.000;0.000;0.000;0.000;0.000;4.000;0.000;0.000;0.000;0.000;0.000;4.000;0.000;0.000;0.000;0.000;0.000;0.000;0.000;0.000;0.000;0.000;-37.036;0.000;4.000;0.000;0.000;0.000;0.000;0.000;999.000;0.000;0.000;0.000;0.000
21.10.2023 02:30:42.000000;0.000;0.000;0.000;0.000;0.000;0.000;0.000;0.000;0.000;0.000;0.000;0.000;0.000;0.000;0.000;0.000;0.000;0.000;0.000;0.000;0.000;0.000;0.000;0.327;0.014;0.000;4.000;0.000;0.000;0.000;0.000;0.000;4.000;0.000;0.000;0.000;0.000;0.000;4.000;0.000;0.000;0.000;0.000;0.000;0.000;0.000;0.000;0.000;0.000;-37.035;0.000;4.000;0.000;0.000;0.000;0.000;0.000;999.000;0.000;0.000;0.000;0.000
21.10.2023 02:30:43.000000;0.000;0.000;0.000;0.000;0.000;0.000;0.000;0.000;0.000;0.000;0.000;0.000;0.000;0.000;0.000;0.000;0.000;0.000;0.000;0.000;0.000;0.000;0.000;0.995;0.001;0.000;4.000;0.000;0.000;0.000;0.000;0.000;4.000;0.000;0.000;0.000;0.000;0.000;4.000;0.000;0.000;0.000;0.000;0.000;0.000;0.000;0.000;0.000;0.000;-37.037;0.000;4.000;0.000;0.000;0.000;0.000;0.000;999.000;0.000;0.000;0.000;0.000
21.10.2023 02:30:44.000000;0.000;0.000;0.000;0.000;0.000;0.000;0.000;0.000;0.000;0.000;0.000;0.000;0.000;0.000;0.000;0.000;0.000;0.000;0.000;0.000;0.000;0.000;0.000;0.386;0.012;0.000;4.000;0.000;0.000;0.000;0.000;0.000;4.000;0.000;0.000;0.000;0.000;0.000;4.000;0.000;0.000;0.000;0.000;0.000;0.000;0.000;0.000;0.000;0.000;-37.039;0.000;4.000;0.000;0.000;0.000;0.000;0.000;999.000;0.000;0.000;0.000;0.000
21.10.2023 02:30:45.000000;0.000;0.000;0.000;0.000;0.000;0.000;0.000;0.000;0.000;0.000;0.000;0.000;0.000;0.000;0.000;0.000;0.000;0.000;0.000;0.000;0.000;0.000;0.000;0.391;0.012;0.000;4.000;0.000;0.000;0.000;0.000;0.000;4.000;0.000;0.000;0.000;0.000;0.000;4.000;0.000;0.000;0.000;0.000;0.000;0.000;0.000;0.000;0.000;0.000;-37.040;0.000;4.000;0.000;0.000;0.000;0.000;0.000;999.000;0.000;0.000;0.000;0.000
21.10.2023 02:30:46.000000;0.000;0.000;0.000;0.000;0.000;0.000;0.000;0.000;0.000;0.000;0.000;0.388;-44.958;1.000;0.000;0.000;0.000;0.000;0.000;0.000;0.000;0.000;0.000;0.375;0.011;0.000;4.000;0.000;0.000;0.000;0.000;0.000;4.000;0.000;0.000;0.000;0.000;0.000;4.000;0.000;0.000;0.000;0.000;0.000;0.000;0.000;0.000;0.000;0.000;-37.042;0.000;4.000;0.000;0.000;0.000;0.000;0.000;999.000;0.000;0.000;0.000;0.000
21.10.2023 02:30:47.000000;0.000;0.000;0.000;0.000;0.000;0.000;0.000;0.000;0.000;0.000;0.000;0.000;0.000;0.000;0.401;-32.672;1.000;0.000;0.000;0.000;0.000;0.000;0.000;0.391;0.013;0.000;4.000;0.000;0.000;0.000;0.000;0.000;4.000;0.000;0.000;0.000;0.000;0.000;4.000;0.000;0.000;0.000;0.000;0.000;0.000;0.000;0.000;0.000;0.000;-37.040;0.000;4.000;0.000;0.000;0.000;0.000;0.000;999.000;0.000;0.000;0.000;0.000
21.10.2023 02:30:48.000000;0.000;0.000;0.000;0.000;0.000;0.000;0.000;0.000;0.000;0.000;0.000;0.000;0.000;0.000;0.400;-53.010;1.000;0.000;0.000;0.000;0.000;0.000;0.000;0.381;0.011;0.000;4.000;0.000;0.000;0.000;0.000;0.000;4.000;0.000;0.000;0.000;0.000;0.000;4.000;0.000;0.000;0.000;0.000;0.000;0.000;0.000;0.000;0.000;0.000;-37.042;0.000;4.000;0.000;0.000;0.000;0.000;0.000;999.000;0.000;0.000;0.000;0.000
21.10.2023 02:30:49.000000;0.000;0.000;0.000;0.000;0.000;0.000;0.000;0.000;0.000;0.000;0.000;0.390;-49.770;1.000;0.000;0.000;0.000;0.000;0.000;0.000;0.000;0.000;0.000;0.335;0.014;0.000;4.000;0.000;0.000;0.000;0.000;0.000;4.000;0.000;0.000;0.000;0.000;0.000;4.000;0.000;0.000;0.000;0.000;0.000;0.000;0.000;0.000;0.000;0.000;-37.046;0.000;4.000;0.000;0.000;0.000;0.000;0.000;999.000;0.000;0.000;0.000;0.000
21.10.2023 02:30:50.000000;0.000;0.000;0.000;0.000;0.000;0.000;0.000;0.000;0.000;0.000;0.000;0.387;-47.038;1.000;0.000;0.000;0.000;0.000;0.000;0.000;0.000;0.000;0.000;0.358;0.013;0.000;4.000;0.000;0.000;0.000;0.000;0.000;4.000;0.000;0.000;0.000;0.000;0.000;4.000;0.000;0.000;0.000;0.000;0.000;0.000;0.000;0.000;0.000;0.000;-37.044;0.000;4.000;0.000;0.000;0.000;0.000;0.000;999.000;0.000;0.000;0.000;0.000
21.10.2023 02:30:51.000000;0.000;0.000;0.000;0.000;0.000;0.000;0.000;0.000;0.000;0.000;0.000;0.394;-68.522;1.000;0.000;0.000;0.000;0.000;0.000;0.000;0.000;0.000;0.000;0.376;0.013;0.000;4.000;0.000;0.000;0.000;0.000;0.000;4.000;0.000;0.000;0.000;0.000;0.000;4.000;0.000;0.000;0.000;0.000;0.000;0.000;0.000;0.000;0.000;0.000;-37.046;0.000;4.000;0.000;0.000;0.000;0.000;0.000;999.000;0.000;0.000;0.000;0.000
21.10.2023 02:30:52.000000;0.000;0.000;0.000;0.000;0.000;0.000;0.000;0.000;0.000;0.000;0.000;0.387;-53.558;1.000;0.000;0.000;0.000;0.000;0.000;0.000;0.000;0.000;0.000;0.375;0.011;0.000;4.000;0.000;0.000;0.000;0.000;0.000;4.000;0.000;0.000;0.000;0.000;0.000;4.000;0.000;0.000;0.000;0.000;0.000;0.000;0.000;0.000;0.000;0.000;-37.050;0.000;4.000;0.000;0.000;0.000;0.000;0.000;999.000;0.000;0.000;0.000;0.000
21.10.2023 02:30:53.000000;0.000;0.000;0.000;0.000;0.000;0.000;0.000;0.000;0.000;0.000;0.000;0.382;-52.321;1.000;0.000;0.000;0.000;0.000;0.000;0.000;0.000;0.000;0.000;0.402;0.011;0.000;4.000;0.000;0.000;0.000;0.000;0.000;4.000;0.000;0.000;0.000;0.000;0.000;4.000;0.000;0.000;0.000;0.000;0.000;0.000;0.000;0.000;0.000;0.000;-37.051;0.000;4.000;0.000;0.000;0.000;0.000;0.000;999.000;0.000;0.000;0.000;0.000
21.10.2023 02:30:54.000000;0.000;0.000;0.000;0.000;0.000;0.000;0.000;0.000;0.000;0.000;0.000;0.000;0.000;0.000;0.000;0.000;0.000;0.000;0.000;0.000;0.000;0.000;0.000;0.374;0.014;0.000;4.000;0.000;0.000;0.000;0.000;0.000;4.000;0.000;0.000;0.000;0.000;0.000;4.000;0.000;0.000;0.000;0.000;0.000;0.000;0.000;0.000;0.000;0.000;-37.056;0.000;4.000;0.000;0.000;0.000;0.000;0.000;999.000;0.000;0.000;0.000;0.000
21.10.2023 02:30:55.000000;0.000;0.000;0.000;0.000;0.000;0.000;0.000;0.000;0.000;0.000;0.000;0.378;-41.893;1.000;0.000;0.000;0.000;0.000;0.000;0.000;0.000;0.000;0.000;0.380;0.015;0.000;4.000;0.000;0.000;0.000;0.000;0.000;4.000;0.000;0.000;0.000;0.000;0.000;4.000;0.000;0.000;0.000;0.000;0.000;0.000;0.000;0.000;0.000;0.000;-37.056;0.000;4.000;0.000;0.000;0.000;0.000;0.000;999.000;0.000;0.000;0.000;0.000
21.10.2023 02:30:56.000000;0.000;0.000;0.000;0.000;0.000;0.000;0.000;0.000;0.000;0.000;0.000;0.376;-45.084;1.000;0.000;0.000;0.000;0.000;0.000;0.000;0.000;0.000;0.000;0.378;0.017;0.000;4.000;0.000;0.000;0.000;0.000;0.000;4.000;0.000;0.000;0.000;0.000;0.000;4.000;0.000;0.000;0.000;0.000;0.000;0.000;0.000;0.000;0.000;0.000;-37.057;0.000;4.000;0.000;0.000;0.000;0.000;0.000;999.000;0.000;0.000;0.000;0.000
21.10.2023 02:30:57.000000;0.000;0.000;0.000;0.000;0.000;0.000;0.000;0.000;0.000;0.000;0.000;0.386;-66.343;1.000;0.000;0.000;0.000;0.000;0.000;0.000;0.000;0.000;0.000;0.301;0.020;0.000;4.000;0.000;0.000;0.000;0.000;0.000;4.000;0.000;0.000;0.000;0.000;0.000;4.000;0.000;0.000;0.000;0.000;0.000;0.000;0.000;0.000;0.000;0.000;-37.061;0.000;4.000;0.000;0.000;0.000;0.000;0.000;999.000;0.000;0.000;0.000;0.000
21.10.2023 02:30:58.000000;0.000;0.000;0.000;0.000;0.000;0.000;0.000;0.000;0.000;0.000;0.000;0.380;-50.279;1.000;0.000;0.000;0.000;0.000;0.000;0.000;0.000;0.000;0.000;0.344;0.017;0.000;4.000;0.000;0.000;0.000;0.000;0.000;4.000;0.000;0.000;0.000;0.000;0.000;4.000;0.000;0.000;0.000;0.000;0.000;0.000;0.000;0.000;0.000;0.000;-37.060;0.000;4.000;0.000;0.000;0.000;0.000;0.000;999.000;0.000;0.000;0.000;0.000
21.10.2023 02:30:59.000000;0.000;0.000;0.000;0.000;0.000;0.000;0.000;0.000;0.000;0.000;0.000;0.381;-43.940;1.000;0.000;0.000;0.000;0.000;0.000;0.000;0.000;0.000;0.000;0.369;0.017;0.000;4.000;0.000;0.000;0.000;0.000;0.000;4.000;0.000;0.000;0.000;0.000;0.000;4.000;0.000;0.000;0.000;0.000;0.000;0.000;0.000;0.000;0.000;0.000;-37.064;0.000;4.000;0.000;0.000;0.000;0.000;0.000;999.000;0.000;0.000;0.000;0.000
21.10.2023 02:31:00.000000;0.000;0.000;0.000;0.000;0.000;0.000;0.000;0.000;0.000;0.000;0.000;0.371;-26.069;1.000;0.000;0.000;0.000;0.000;0.000;0.000;0.000;0.000;0.000;0.351;0.017;0.000;4.000;0.000;0.000;0.000;0.000;0.000;4.000;0.000;0.000;0.000;0.000;0.000;4.000;0.000;0.000;0.000;0.000;0.000;0.000;0.000;0.000;0.000;0.000;-37.067;0.000;4.000;0.000;0.000;0.000;0.000;0.000;999.000;0.000;0.000;0.000;0.000
21.10.2023 02:31:01.000000;0.000;0.000;0.000;0.000;0.000;0.000;0.000;0.000;0.000;0.000;0.000;0.361;-41.237;1.000;0.000;0.000;0.000;0.000;0.000;0.000;0.000;0.000;0.000;0.389;0.016;0.000;4.000;0.000;0.000;0.000;0.000;0.000;4.000;0.000;0.000;0.000;0.000;0.000;4.000;0.000;0.000;0.000;0.000;0.000;0.000;0.000;0.000;0.000;0.000;-37.065;0.000;4.000;0.000;0.000;0.000;0.000;0.000;999.000;0.000;0.000;0.000;0.000
21.10.2023 02:31:02.000000;0.000;0.000;0.000;0.000;0.000;0.000;0.000;0.000;0.000;0.000;0.000;0.361;-48.582;1.000;0.000;0.000;0.000;0.000;0.000;0.000;0.000;0.000;0.000;0.352;0.015;0.000;4.000;0.000;0.000;0.000;0.000;0.000;4.000;0.000;0.000;0.000;0.000;0.000;4.000;0.000;0.000;0.000;0.000;0.000;0.000;0.000;0.000;0.000;0.000;-37.070;0.000;4.000;0.000;0.000;0.000;0.000;0.000;999.000;0.000;0.000;0.000;0.000
21.10.2023 02:31:03.000000;0.000;0.000;0.000;0.000;0.000;0.000;0.000;0.000;0.000;0.000;0.000;0.356;-41.868;1.000;0.000;0.000;0.000;0.000;0.000;0.000;0.000;0.000;0.000;0.342;0.014;0.000;4.000;0.000;0.000;0.000;0.000;0.000;4.000;0.000;0.000;0.000;0.000;0.000;4.000;0.000;0.000;0.000;0.000;0.000;0.000;0.000;0.000;0.000;0.000;-37.072;0.000;4.000;0.000;0.000;0.000;0.000;0.000;999.000;0.000;0.000;0.000;0.000
21.10.2023 02:31:04.000000;0.000;0.000;0.000;0.000;0.000;0.000;0.000;0.000;0.000;0.000;0.000;0.360;-60.699;1.000;0.000;0.000;0.000;0.000;0.000;0.000;0.000;0.000;0.000;0.401;0.014;0.000;4.000;0.000;0.000;0.000;0.000;0.000;4.000;0.000;0.000;0.000;0.000;0.000;4.000;0.000;0.000;0.000;0.000;0.000;0.000;0.000;0.000;0.000;0.000;-37.072;0.000;4.000;0.000;0.000;0.000;0.000;0.000;999.000;0.000;0.000;0.000;0.000
21.10.2023 02:31:05.000000;0.000;0.000;0.000;0.000;0.000;0.000;0.000;0.000;0.000;0.000;0.000;0.360;-64.877;1.000;0.000;0.000;0.000;0.406;-68.051;1.000;0.000;0.000;0.000;0.421;0.011;0.000;4.000;0.000;0.000;0.000;0.000;0.000;4.000;0.000;0.000;0.000;0.000;0.000;4.000;0.000;0.000;0.000;0.000;0.000;0.000;0.000;0.000;0.000;0.000;-37.075;0.000;4.000;0.000;0.000;0.000;0.000;0.000;999.000;0.000;0.000;0.000;0.000
21.10.2023 02:31:06.000000;0.000;0.000;0.000;0.000;0.000;0.000;0.000;0.000;0.000;0.000;0.000;0.352;-57.098;1.000;0.000;0.000;0.000;0.000;0.000;0.000;0.000;0.000;0.000;0.382;0.013;0.000;4.000;0.000;0.000;0.000;0.000;0.000;4.000;0.000;0.000;0.000;0.000;0.000;4.000;0.000;0.000;0.000;0.000;0.000;0.000;0.000;0.000;0.000;0.000;-37.075;0.000;4.000;0.000;0.000;0.000;0.000;0.000;999.000;0.000;0.000;0.000;0.000
21.10.2023 02:31:07.000000;0.000;0.000;0.000;0.000;0.000;0.000;0.000;0.000;0.000;0.000;0.000;0.000;0.000;0.000;0.000;0.000;0.000;0.000;0.000;0.000;0.000;0.000;0.000;0.995;0.002;0.000;4.000;0.000;0.000;0.000;0.000;0.000;4.000;0.000;0.000;0.000;0.000;0.000;4.000;0.000;0.000;0.000;0.000;0.000;0.000;0.000;0.000;0.000;0.000;-37.079;0.000;4.000;0.000;0.000;0.000;0.000;0.000;999.000;0.000;0.000;0.000;0.000
21.10.2023 02:31:08.000000;0.000;0.000;0.000;0.000;0.000;0.000;0.000;0.000;0.000;0.000;0.000;0.000;0.000;0.000;0.000;0.000;0.000;0.000;0.000;0.000;0.000;0.000;0.000;0.389;0.009;0.000;4.000;0.000;0.000;0.000;0.000;0.000;4.000;0.000;0.000;0.000;0.000;0.000;4.000;0.000;0.000;0.000;0.000;0.000;0.000;0.000;0.000;0.000;0.000;-37.080;0.000;4.000;0.000;0.000;0.000;0.000;0.000;999.000;0.000;0.000;0.000;0.000
21.10.2023 02:31:09.000000;1.000;1.000;0.000;0.000;0.000;0.000;0.000;0.000;0.000;0.000;0.000;0.362;-93.330;1.000;0.407;-39.204;1.000;0.000;0.000;0.000;0.000;0.000;0.000;0.421;0.010;0.000;4.000;0.000;0.000;0.000;0.000;0.000;4.000;0.000;0.000;0.000;0.000;0.000;4.000;0.000;0.000;0.000;0.000;0.000;0.000;0.000;0.000;0.000;0.000;-37.080;0.000;4.000;0.000;0.000;0.000;0.000;0.000;999.000;0.000;0.000;0.000;0.000
21.10.2023 02:31:10.000000;0.000;0.000;0.000;0.000;0.000;0.000;0.000;0.000;0.000;0.000;0.000;0.000;0.000;0.000;0.413;-44.972;1.000;0.000;0.000;0.000;0.000;0.000;0.000;0.861;0.003;0.000;4.000;0.000;0.000;0.000;0.000;0.000;4.000;0.000;0.000;0.000;0.000;0.000;4.000;0.000;0.000;0.000;0.000;0.000;0.000;0.000;0.000;0.000;0.000;-37.085;0.000;4.000;0.000;0.000;0.000;0.000;0.000;999.000;0.000;0.000;0.000;0.000
21.10.2023 02:31:11.000000;0.000;0.000;0.000;0.000;0.000;0.000;0.000;0.000;0.000;0.000;0.000;0.000;0.000;0.000;0.000;0.000;0.000;0.000;0.000;0.000;0.000;0.000;0.000;0.349;0.009;0.000;4.000;0.000;0.000;0.000;0.000;0.000;4.000;0.000;0.000;0.000;0.000;0.000;4.000;0.000;0.000;0.000;0.000;0.000;0.000;0.000;0.000;0.000;0.000;-37.085;0.000;4.000;0.000;0.000;0.000;0.000;0.000;999.000;0.000;0.000;0.000;0.000
21.10.2023 02:31:12.000000;0.000;0.000;0.000;0.000;0.000;0.000;0.000;0.000;0.000;0.000;0.000;0.000;0.000;0.000;0.000;0.000;0.000;0.000;0.000;0.000;0.000;0.000;0.000;0.530;0.006;0.000;4.000;0.000;0.000;0.000;0.000;0.000;4.000;0.000;0.000;0.000;0.000;0.000;4.000;0.000;0.000;0.000;0.000;0.000;0.000;0.000;0.000;0.000;0.000;-37.085;0.000;4.000;0.000;0.000;0.000;0.000;0.000;999.000;0.000;0.000;0.000;0.000
21.10.2023 02:31:13.000000;0.000;0.000;0.000;0.000;0.000;0.000;0.000;0.000;0.000;0.000;0.000;0.000;0.000;0.000;0.000;0.000;0.000;0.000;0.000;0.000;0.000;0.000;0.000;0.274;0.009;0.000;4.000;0.000;0.000;0.000;0.000;0.000;4.000;0.000;0.000;0.000;0.000;0.000;4.000;0.000;0.000;0.000;0.000;0.000;0.000;0.000;0.000;0.000;0.000;-37.089;0.000;4.000;0.000;0.000;0.000;0.000;0.000;999.000;0.000;0.000;0.000;0.000
21.10.2023 02:31:14.000000;0.000;0.000;0.000;0.000;0.000;0.000;0.000;0.000;0.000;0.000;0.000;0.000;0.000;0.000;0.000;0.000;0.000;0.000;0.000;0.000;0.000;0.000;0.000;1.386;0.001;0.000;4.000;0.000;0.000;0.000;0.000;0.000;4.000;0.000;0.000;0.000;0.000;0.000;4.000;0.000;0.000;0.000;0.000;0.000;0.000;0.000;0.000;0.000;0.000;-37.087;0.000;4.000;0.000;0.000;0.000;0.000;0.000;999.000;0.000;0.000;0.000;0.000
21.10.2023 02:31:15.000000;0.000;0.000;0.000;0.000;0.000;0.000;0.000;0.000;0.000;0.000;0.000;0.000;0.000;0.000;0.000;0.000;0.000;0.000;0.000;0.000;0.000;0.000;0.000;1.302;0.001;0.000;4.000;0.000;0.000;0.000;0.000;0.000;4.000;0.000;0.000;0.000;0.000;0.000;4.000;0.000;0.000;0.000;0.000;0.000;0.000;0.000;0.000;0.000;0.000;-37.087;0.000;4.000;0.000;0.000;0.000;0.000;0.000;999.000;0.000;0.000;0.000;0.000
21.10.2023 02:31:16.000000;0.000;0.000;0.000;0.000;0.000;0.000;0.000;0.000;0.000;0.000;0.000;0.000;0.000;0.000;0.000;0.000;0.000;0.000;0.000;0.000;0.000;0.000;0.000;0.280;0.010;0.000;4.000;0.000;0.000;0.000;0.000;0.000;4.000;0.000;0.000;0.000;0.000;0.000;4.000;0.000;0.000;0.000;0.000;0.000;0.000;0.000;0.000;0.000;0.000;-37.089;0.000;4.000;0.000;0.000;0.000;0.000;0.000;999.000;0.000;0.000;0.000;0.000
21.10.2023 02:31:17.000000;0.000;0.000;0.000;0.000;0.000;0.000;0.000;0.000;0.000;0.000;0.000;0.000;0.000;0.000;0.000;0.000;0.000;0.000;0.000;0.000;0.000;0.000;0.000;0.345;0.010;0.000;4.000;0.000;0.000;0.000;0.000;0.000;4.000;0.000;0.000;0.000;0.000;0.000;4.000;0.000;0.000;0.000;0.000;0.000;0.000;0.000;0.000;0.000;0.000;-37.086;0.000;4.000;0.000;0.000;0.000;0.000;0.000;999.000;0.000;0.000;0.000;0.000
21.10.2023 02:31:18.000000;0.000;0.000;0.000;0.000;0.000;0.000;0.000;0.000;0.000;0.000;0.000;0.000;0.000;0.000;0.000;0.000;0.000;0.000;0.000;0.000;0.000;0.000;0.000;0.265;0.012;0.000;4.000;0.000;0.000;0.000;0.000;0.000;4.000;0.000;0.000;0.000;0.000;0.000;4.000;0.000;0.000;0.000;0.000;0.000;0.000;0.000;0.000;0.000;0.000;-37.086;0.000;4.000;0.000;0.000;0.000;0.000;0.000;999.000;0.000;0.000;0.000;0.000
21.10.2023 02:31:19.000000;0.000;0.000;0.000;0.000;0.000;0.000;0.000;0.000;0.000;0.000;0.000;0.325;-77.563;1.000;0.000;0.000;0.000;0.000;0.000;0.000;0.000;0.000;0.000;0.320;0.016;0.000;4.000;0.000;0.000;0.000;0.000;0.000;4.000;0.000;0.000;0.000;0.000;0.000;4.000;0.000;0.000;0.000;0.000;0.000;0.000;0.000;0.000;0.000;0.000;-37.087;0.000;4.000;0.000;0.000;0.000;0.000;0.000;999.000;0.000;0.000;0.000;0.000
21.10.2023 02:31:20.000000;0.000;0.000;0.000;0.000;0.000;0.000;0.000;0.000;0.000;0.000;0.000;0.000;0.000;0.000;0.000;0.000;0.000;0.000;0.000;0.000;0.000;0.000;0.000;0.348;0.013;0.000;4.000;0.000;0.000;0.000;0.000;0.000;4.000;0.000;0.000;0.000;0.000;0.000;4.000;0.000;0.000;0.000;0.000;0.000;0.000;0.000;0.000;0.000;0.000;-37.085;0.000;4.000;0.000;0.000;0.000;0.000;0.000;999.000;0.000;0.000;0.000;0.000
21.10.2023 02:31:21.000000;0.000;0.000;0.000;0.000;0.000;0.000;0.000;0.000;0.000;0.000;0.000;0.000;0.000;0.000;0.000;0.000;0.000;0.000;0.000;0.000;0.000;0.000;0.000;0.350;0.016;0.000;4.000;0.000;0.000;0.000;0.000;0.000;4.000;0.000;0.000;0.000;0.000;0.000;4.000;0.000;0.000;0.000;0.000;0.000;0.000;0.000;0.000;0.000;0.000;-37.084;0.000;4.000;0.000;0.000;0.000;0.000;0.000;999.000;0.000;0.000;0.000;0.000
21.10.2023 02:31:22.000000;0.000;0.000;0.000;0.000;0.000;0.000;0.000;0.000;0.000;0.000;0.000;0.000;0.000;0.000;0.000;0.000;0.000;0.000;0.000;0.000;0.000;0.000;0.000;0.295;0.017;0.000;4.000;0.000;0.000;0.000;0.000;0.000;4.000;0.000;0.000;0.000;0.000;0.000;4.000;0.000;0.000;0.000;0.000;0.000;0.000;0.000;0.000;0.000;0.000;-37.085;0.000;4.000;0.000;0.000;0.000;0.000;0.000;999.000;0.000;0.000;0.000;0.000
21.10.2023 02:31:23.000000;0.000;0.000;0.000;0.000;0.000;0.000;0.000;0.000;0.000;0.000;0.000;0.000;0.000;0.000;0.000;0.000;0.000;0.000;0.000;0.000;0.000;0.000;0.000;0.343;0.013;0.000;4.000;0.000;0.000;0.000;0.000;0.000;4.000;0.000;0.000;0.000;0.000;0.000;4.000;0.000;0.000;0.000;0.000;0.000;0.000;0.000;0.000;0.000;0.000;-37.083;0.000;4.000;0.000;0.000;0.000;0.000;0.000;999.000;0.000;0.000;0.000;0.000
21.10.2023 02:31:24.000000;0.000;0.000;0.000;0.000;0.000;0.000;0.000;0.000;0.000;0.000;0.000;0.325;-68.944;1.000;0.000;0.000;0.000;0.000;0.000;0.000;0.000;0.000;0.000;0.257;0.018;0.000;4.000;0.000;0.000;0.000;0.000;0.000;4.000;0.000;0.000;0.000;0.000;0.000;4.000;0.000;0.000;0.000;0.000;0.000;0.000;0.000;0.000;0.000;0.000;-37.079;0.000;4.000;0.000;0.000;0.000;0.000;0.000;999.000;0.000;0.000;0.000;0.000
21.10.2023 02:31:25.000000;0.000;0.000;0.000;0.000;0.000;0.000;0.000;0.000;0.000;0.000;0.000;0.323;-59.747;1.000;0.000;0.000;0.000;0.000;0.000;0.000;0.000;0.000;0.000;1.677;0.000;0.000;4.000;0.000;0.000;0.000;0.000;0.000;4.000;0.000;0.000;0.000;0.000;0.000;4.000;0.000;0.000;0.000;0.000;0.000;0.000;0.000;0.000;0.000;0.000;-37.080;0.000;4.000;0.000;0.000;0.000;0.000;0.000;999.000;0.000;0.000;0.000;0.000
21.10.2023 02:31:26.000000;0.000;0.000;0.000;0.000;0.000;0.000;0.000;0.000;0.000;0.000;0.000;0.327;-62.168;1.000;0.000;0.000;0.000;0.000;0.000;0.000;0.000;0.000;0.000;0.361;0.018;0.000;4.000;0.000;0.000;0.000;0.000;0.000;4.000;0.000;0.000;0.000;0.000;0.000;4.000;0.000;0.000;0.000;0.000;0.000;0.000;0.000;0.000;0.000;0.000;-37.080;0.000;4.000;0.000;0.000;0.000;0.000;0.000;999.000;0.000;0.000;0.000;0.000
21.10.2023 02:31:27.000000;0.000;0.000;0.000;0.000;0.000;0.000;0.000;0.000;0.000;0.000;0.000;0.325;-53.252;1.000;0.000;0.000;0.000;0.000;0.000;0.000;0.000;0.000;0.000;0.358;0.019;0.000;4.000;0.000;0.000;0.000;0.000;0.000;4.000;0.000;0.000;0.000;0.000;0.000;4.000;0.000;0.000;0.000;0.000;0.000;0.000;0.000;0.000;0.000;0.000;-37.078;0.000;4.000;0.000;0.000;0.000;0.000;0.000;999.000;0.000;0.000;0.000;0.000
21.10.2023 02:31:28.000000;0.000;0.000;0.000;0.000;0.000;0.000;0.000;0.000;0.000;0.000;0.000;0.320;-70.456;1.000;0.000;0.000;0.000;0.000;0.000;0.000;0.000;0.000;0.000;0.295;0.016;0.000;4.000;0.000;0.000;0.000;0.000;0.000;4.000;0.000;0.000;0.000;0.000;0.000;4.000;0.000;0.000;0.000;0.000;0.000;0.000;0.000;0.000;0.000;0.000;-37.079;0.000;4.000;0.000;0.000;0.000;0.000;0.000;999.000;0.000;0.000;0.000;0.000
21.10.2023 02:31:29.000000;0.000;0.000;0.000;0.000;0.000;0.000;0.000;0.000;0.000;0.000;0.000;0.322;-71.468;1.000;0.000;0.000;0.000;0.000;0.000;0.000;0.000;0.000;0.000;0.311;0.022;0.000;4.000;0.000;0.000;0.000;0.000;0.000;4.000;0.000;0.000;0.000;0.000;0.000;4.000;0.000;0.000;0.000;0.000;0.000;0.000;0.000;0.000;0.000;0.000;-37.078;0.000;4.000;0.000;0.000;0.000;0.000;0.000;999.000;0.000;0.000;0.000;0.000
21.10.2023 02:31:30.000000;1.000;1.000;0.000;0.000;0.000;0.000;0.000;0.000;0.000;0.000;0.000;0.340;-102.480;1.000;0.000;0.000;0.000;0.000;0.000;0.000;0.000;0.000;0.000;0.361;0.024;0.000;4.000;0.000;0.000;0.000;0.000;0.000;4.000;0.000;0.000;0.000;0.000;0.000;4.000;0.000;0.000;0.000;0.000;0.000;0.000;0.000;0.000;0.000;0.000;-37.077;0.000;4.000;0.000;0.000;0.000;0.000;0.000;999.000;0.000;0.000;0.000;0.000
21.10.2023 02:31:31.000000;0.000;0.000;0.000;0.000;0.000;0.000;0.000;0.000;0.000;0.000;0.000;0.356;-136.243;1.000;0.000;0.000;0.000;0.000;0.000;0.000;0.000;0.000;0.000;0.364;0.022;0.000;4.000;0.000;0.000;0.000;0.000;0.000;4.000;0.000;0.000;0.000;0.000;0.000;4.000;0.000;0.000;0.000;0.000;0.000;0.000;0.000;0.000;0.000;0.000;-37.078;0.000;4.000;0.000;0.000;0.000;0.000;0.000;999.000;0.000;0.000;0.000;0.000
21.10.2023 02:31:32.000000;0.000;0.000;0.000;0.000;0.000;0.000;0.000;0.000;0.000;0.000;0.000;0.343;-74.577;1.000;0.000;0.000;0.000;0.000;0.000;0.000;0.000;0.000;0.000;0.368;0.022;0.000;4.000;0.000;0.000;0.000;0.000;0.000;4.000;0.000;0.000;0.000;0.000;0.000;4.000;0.000;0.000;0.000;0.000;0.000;0.000;0.000;0.000;0.000;0.000;-37.078;0.000;4.000;0.000;0.000;0.000;0.000;0.000;999.000;0.000;0.000;0.000;0.000
21.10.2023 02:31:33.000000;0.000;0.000;0.000;0.000;0.000;0.000;0.000;0.000;0.000;0.000;0.000;0.000;0.000;0.000;0.000;0.000;0.000;0.000;0.000;0.000;0.000;0.000;0.000;0.360;0.021;0.000;4.000;0.000;0.000;0.000;0.000;0.000;4.000;0.000;0.000;0.000;0.000;0.000;4.000;0.000;0.000;0.000;0.000;0.000;0.000;0.000;0.000;0.000;0.000;-37.078;0.000;4.000;0.000;0.000;0.000;0.000;0.000;999.000;0.000;0.000;0.000;0.000
21.10.2023 02:31:34.000000;0.000;0.000;0.000;0.000;0.000;0.000;0.000;0.000;0.000;0.000;0.000;0.341;-53.782;1.000;0.000;0.000;0.000;0.000;0.000;0.000;0.000;0.000;0.000;0.322;0.021;0.000;4.000;0.000;0.000;0.000;0.000;0.000;4.000;0.000;0.000;0.000;0.000;0.000;4.000;0.000;0.000;0.000;0.000;0.000;0.000;0.000;0.000;0.000;0.000;-37.078;0.000;4.000;0.000;0.000;0.000;0.000;0.000;999.000;0.000;0.000;0.000;0.000
21.10.2023 02:31:35.000000;0.000;0.000;0.000;0.000;0.000;0.000;0.000;0.000;0.000;0.000;0.000;0.339;-53.748;1.000;0.000;0.000;0.000;0.000;0.000;0.000;0.000;0.000;0.000;0.362;0.016;0.000;4.000;0.000;0.000;0.000;0.000;0.000;4.000;0.000;0.000;0.000;0.000;0.000;4.000;0.000;0.000;0.000;0.000;0.000;0.000;0.000;0.000;0.000;0.000;-37.079;0.000;4.000;0.000;0.000;0.000;0.000;0.000;999.000;0.000;0.000;0.000;0.000
21.10.2023 02:31:36.000000;1.000;1.000;0.000;0.000;0.000;0.000;0.000;0.000;0.000;0.000;0.000;0.340;-91.535;1.000;0.000;0.000;0.000;0.000;0.000;0.000;0.000;0.000;0.000;0.365;0.014;0.000;4.000;0.000;0.000;0.000;0.000;0.000;4.000;0.000;0.000;0.000;0.000;0.000;4.000;0.000;0.000;0.000;0.000;0.000;0.000;0.000;0.000;0.000;0.000;-37.082;0.000;4.000;0.000;0.000;0.000;0.000;0.000;999.000;0.000;0.000;0.000;0.000
21.10.2023 02:31:37.000000;0.000;0.000;0.000;0.000;0.000;0.000;0.000;0.000;0.000;0.000;0.000;0.346;-57.843;1.000;0.000;0.000;0.000;0.000;0.000;0.000;0.000;0.000;0.000;0.406;0.011;0.000;4.000;0.000;0.000;0.000;0.000;0.000;4.000;0.000;0.000;0.000;0.000;0.000;4.000;0.000;0.000;0.000;0.000;0.000;0.000;0.000;0.000;0.000;0.000;-37.079;0.000;4.000;0.000;0.000;0.000;0.000;0.000;999.000;0.000;0.000;0.000;0.000
21.10.2023 02:31:38.000000;0.000;0.000;0.000;0.000;0.000;0.000;0.000;0.000;0.000;0.000;0.000;0.000;0.000;0.000;0.000;0.000;0.000;0.428;-57.369;1.000;0.000;0.000;0.000;0.432;0.010;0.000;4.000;0.000;0.000;0.000;0.000;0.000;4.000;0.000;0.000;0.000;0.000;0.000;4.000;0.000;0.000;0.000;0.000;0.000;0.000;0.000;0.000;0.000;0.000;-37.080;0.000;4.000;0.000;0.000;0.000;0.000;0.000;999.000;0.000;0.000;0.000;0.000
21.10.2023 02:31:39.000000;0.000;0.000;0.000;0.000;0.000;0.000;0.000;0.000;0.000;0.000;0.000;0.000;0.000;0.000;0.000;0.000;0.000;0.000;0.000;0.000;0.000;0.000;0.000;0.348;0.012;0.000;4.000;0.000;0.000;0.000;0.000;0.000;4.000;0.000;0.000;0.000;0.000;0.000;4.000;0.000;0.000;0.000;0.000;0.000;0.000;0.000;0.000;0.000;0.000;-37.083;0.000;4.000;0.000;0.000;0.000;0.000;0.000;999.000;0.000;0.000;0.000;0.000
21.10.2023 02:31:40.000000;0.000;0.000;0.000;0.000;0.000;0.000;0.000;0.000;0.000;0.000;0.000;0.370;-57.255;1.000;0.421;-58.617;1.000;0.000;0.000;0.000;0.000;0.000;0.000;0.353;0.014;0.000;4.000;0.000;0.000;0.000;0.000;0.000;4.000;0.000;0.000;0.000;0.000;0.000;4.000;0.000;0.000;0.000;0.000;0.000;0.000;0.000;0.000;0.000;0.000;-37.079;0.000;4.000;0.000;0.000;0.000;0.000;0.000;999.000;0.000;0.000;0.000;0.000
21.10.2023 02:31:41.000000;0.000;0.000;0.000;0.000;0.000;0.000;0.000;0.000;0.000;0.000;0.000;0.373;-74.666;1.000;0.000;0.000;0.000;0.000;0.000;0.000;0.000;0.000;0.000;0.415;0.019;0.000;4.000;0.000;0.000;0.000;0.000;0.000;4.000;0.000;0.000;0.000;0.000;0.000;4.000;0.000;0.000;0.000;0.000;0.000;0.000;0.000;0.000;0.000;0.000;-37.083;0.000;4.000;0.000;0.000;0.000;0.000;0.000;999.000;0.000;0.000;0.000;0.000
21.10.2023 02:31:42.000000;0.000;0.000;0.000;0.000;0.000;0.000;0.000;0.000;0.000;0.000;0.000;0.383;-88.582;1.000;0.000;0.000;0.000;0.000;0.000;0.000;0.000;0.000;0.000;0.425;0.013;0.000;4.000;0.000;0.000;0.000;0.000;0.000;4.000;0.000;0.000;0.000;0.000;0.000;4.000;0.000;0.000;0.000;0.000;0.000;0.000;0.000;0.000;0.000;0.000;-37.086;0.000;4.000;0.000;0.000;0.000;0.000;0.000;999.000;0.000;0.000;0.000;0.000
21.10.2023 02:31:43.000000;0.000;0.000;0.000;0.000;0.000;0.000;0.000;0.000;0.000;0.000;0.000;0.389;-45.702;1.000;0.000;0.000;0.000;0.000;0.000;0.000;0.000;0.000;0.000;0.318;0.015;0.000;4.000;0.000;0.000;0.000;0.000;0.000;4.000;0.000;0.000;0.000;0.000;0.000;4.000;0.000;0.000;0.000;0.000;0.000;0.000;0.000;0.000;0.000;0.000;-37.082;0.000;4.000;0.000;0.000;0.000;0.000;0.000;999.000;0.000;0.000;0.000;0.000
21.10.2023 02:31:44.000000;0.000;0.000;0.000;0.000;0.000;0.000;0.000;0.000;0.000;0.000;0.000;0.000;0.000;0.000;0.000;0.000;0.000;0.000;0.000;0.000;0.000;0.000;0.000;0.343;0.014;0.000;4.000;0.000;0.000;0.000;0.000;0.000;4.000;0.000;0.000;0.000;0.000;0.000;4.000;0.000;0.000;0.000;0.000;0.000;0.000;0.000;0.000;0.000;0.000;-37.086;0.000;4.000;0.000;0.000;0.000;0.000;0.000;999.000;0.000;0.000;0.000;0.000
21.10.2023 02:31:45.000000;0.000;0.000;0.000;0.000;0.000;0.000;0.000;0.000;0.000;0.000;0.000;0.000;0.000;0.000;0.000;0.000;0.000;0.000;0.000;0.000;0.000;0.000;0.000;0.260;0.014;0.000;4.000;0.000;0.000;0.000;0.000;0.000;4.000;0.000;0.000;0.000;0.000;0.000;4.000;0.000;0.000;0.000;0.000;0.000;0.000;0.000;0.000;0.000;0.000;-37.087;0.000;4.000;0.000;0.000;0.000;0.000;0.000;999.000;0.000;0.000;0.000;0.000
21.10.2023 02:31:46.000000;0.000;0.000;0.000;0.000;0.000;0.000;0.000;0.000;0.000;0.000;0.000;0.000;0.000;0.000;0.000;0.000;0.000;0.000;0.000;0.000;0.000;0.000;0.000;1.581;0.001;0.000;4.000;0.000;0.000;0.000;0.000;0.000;4.000;0.000;0.000;0.000;0.000;0.000;4.000;0.000;0.000;0.000;0.000;0.000;0.000;0.000;0.000;0.000;0.000;-37.083;0.000;4.000;0.000;0.000;0.000;0.000;0.000;999.000;0.000;0.000;0.000;0.000
21.10.2023 02:31:47.000000;0.000;0.000;0.000;0.000;0.000;0.000;0.000;0.000;0.000;0.000;0.000;0.000;0.000;0.000;0.000;0.000;0.000;0.000;0.000;0.000;4.837;-179.094;1.000;0.377;0.016;0.000;4.000;0.000;0.000;0.000;0.000;0.000;4.000;0.000;0.000;0.000;0.000;0.000;4.000;0.000;0.000;0.000;0.000;0.000;0.000;0.000;0.000;0.000;0.000;-37.086;0.000;4.000;0.000;0.000;0.000;0.000;0.000;999.000;0.000;0.000;0.000;0.000
21.10.2023 02:31:48.000000;0.000;0.000;0.000;0.000;0.000;0.000;0.000;0.000;0.000;0.000;0.000;0.344;-19.305;1.000;0.000;0.000;0.000;0.000;0.000;0.000;0.000;0.000;0.000;0.310;0.018;0.000;4.000;0.000;0.000;0.000;0.000;0.000;4.000;0.000;0.000;0.000;0.000;0.000;4.000;0.000;0.000;0.000;0.000;0.000;0.000;0.000;0.000;0.000;0.000;-37.087;0.000;4.000;0.000;0.000;0.000;0.000;0.000;999.000;0.000;0.000;0.000;0.000
21.10.2023 02:31:49.000000;0.000;0.000;0.000;0.000;0.000;0.000;0.000;0.000;0.000;0.000;0.000;0.000;0.000;0.000;0.000;0.000;0.000;0.000;0.000;0.000;0.000;0.000;0.000;0.364;0.017;0.000;4.000;0.000;0.000;0.000;0.000;0.000;4.000;0.000;0.000;0.000;0.000;0.000;4.000;0.000;0.000;0.000;0.000;0.000;0.000;0.000;0.000;0.000;0.000;-37.085;0.000;4.000;0.000;0.000;0.000;0.000;0.000;999.000;0.000;0.000;0.000;0.000
21.10.2023 02:31:50.000000;0.000;0.000;0.000;0.000;0.000;0.000;0.000;0.000;0.000;0.000;0.000;0.343;-57.426;1.000;0.000;0.000;0.000;0.000;0.000;0.000;0.000;0.000;0.000;0.357;0.017;0.000;4.000;0.000;0.000;0.000;0.000;0.000;4.000;0.000;0.000;0.000;0.000;0.000;4.000;0.000;0.000;0.000;0.000;0.000;0.000;0.000;0.000;0.000;0.000;-37.088;0.000;4.000;0.000;0.000;0.000;0.000;0.000;999.000;0.000;0.000;0.000;0.000
21.10.2023 02:31:51.000000;0.000;0.000;0.000;0.000;0.000;0.000;0.000;0.000;0.000;0.000;0.000;0.347;-81.198;1.000;0.000;0.000;0.000;0.000;0.000;0.000;0.000;0.000;0.000;0.323;0.022;0.000;4.000;0.000;0.000;0.000;0.000;0.000;4.000;0.000;0.000;0.000;0.000;0.000;4.000;0.000;0.000;0.000;0.000;0.000;0.000;0.000;0.000;0.000;0.000;-37.086;0.000;4.000;0.000;0.000;0.000;0.000;0.000;999.000;0.000;0.000;0.000;0.000
21.10.2023 02:31:52.000000;0.000;0.000;0.000;0.000;0.000;0.000;0.000;0.000;0.000;0.000;0.000;0.000;0.000;0.000;0.000;0.000;0.000;0.000;0.000;0.000;0.000;0.000;0.000;0.394;0.019;0.000;4.000;0.000;0.000;0.000;0.000;0.000;4.000;0.000;0.000;0.000;0.000;0.000;4.000;0.000;0.000;0.000;0.000;0.000;0.000;0.000;0.000;0.000;0.000;-37.085;0.000;4.000;0.000;0.000;0.000;0.000;0.000;999.000;0.000;0.000;0.000;0.000
21.10.2023 02:31:53.000000;0.000;0.000;0.000;0.000;0.000;0.000;0.000;0.000;0.000;0.000;0.000;0.353;-40.127;1.000;0.000;0.000;0.000;0.000;0.000;0.000;0.000;0.000;0.000;0.345;0.019;0.000;4.000;0.000;0.000;0.000;0.000;0.000;4.000;0.000;0.000;0.000;0.000;0.000;4.000;0.000;0.000;0.000;0.000;0.000;0.000;0.000;0.000;0.000;0.000;-37.085;0.000;4.000;0.000;0.000;0.000;0.000;0.000;999.000;0.000;0.000;0.000;0.000
21.10.2023 02:31:54.000000;0.000;0.000;0.000;0.000;0.000;0.000;0.000;0.000;0.000;0.000;0.000;0.000;0.000;0.000;0.000;0.000;0.000;0.000;0.000;0.000;0.000;0.000;0.000;0.329;0.018;0.000;4.000;0.000;0.000;0.000;0.000;0.000;4.000;0.000;0.000;0.000;0.000;0.000;4.000;0.000;0.000;0.000;0.000;0.000;0.000;0.000;0.000;0.000;0.000;-37.082;0.000;4.000;0.000;0.000;0.000;0.000;0.000;999.000;0.000;0.000;0.000;0.000
21.10.2023 02:31:55.000000;0.000;0.000;0.000;0.000;0.000;0.000;0.000;0.000;0.000;0.000;0.000;0.350;-55.948;1.000;0.000;0.000;0.000;0.000;0.000;0.000;0.000;0.000;0.000;1.488;0.001;0.000;4.000;0.000;0.000;0.000;0.000;0.000;4.000;0.000;0.000;0.000;0.000;0.000;4.000;0.000;0.000;0.000;0.000;0.000;0.000;0.000;0.000;0.000;0.000;-37.081;0.000;4.000;0.000;0.000;0.000;0.000;0.000;999.000;0.000;0.000;0.000;0.000
21.10.2023 02:31:56.000000;0.000;0.000;0.000;0.000;0.000;0.000;0.000;0.000;0.000;0.000;0.000;0.346;-52.488;1.000;0.000;0.000;0.000;0.000;0.000;0.000;0.000;0.000;0.000;0.397;0.016;0.000;4.000;0.000;0.000;0.000;0.000;0.000;4.000;0.000;0.000;0.000;0.000;0.000;4.000;0.000;0.000;0.000;0.000;0.000;0.000;0.000;0.000;0.000;0.000;-37.080;0.000;4.000;0.000;0.000;0.000;0.000;0.000;999.000;0.000;0.000;0.000;0.000
21.10.2023 02:31:57.000000;0.000;0.000;0.000;0.000;0.000;0.000;0.000;0.000;0.000;0.000;0.000;0.353;-68.372;1.000;0.000;0.000;0.000;0.000;0.000;0.000;0.000;0.000;0.000;0.356;0.015;0.000;4.000;0.000;0.000;0.000;0.000;0.000;4.000;0.000;0.000;0.000;0.000;0.000;4.000;0.000;0.000;0.000;0.000;0.000;0.000;0.000;0.000;0.000;0.000;-37.076;0.000;4.000;0.000;0.000;0.000;0.000;0.000;999.000;0.000;0.000;0.000;0.000
21.10.2023 02:31:58.000000;1.000;1.000;0.000;0.000;0.000;0.000;0.000;0.000;0.000;0.000;0.000;0.363;-99.553;1.000;0.000;0.000;0.000;0.000;0.000;0.000;0.000;0.000;0.000;0.292;0.017;0.000;4.000;0.000;0.000;0.000;0.000;0.000;4.000;0.000;0.000;0.000;0.000;0.000;4.000;0.000;0.000;0.000;0.000;0.000;0.000;0.000;0.000;0.000;0.000;-37.078;0.000;4.000;0.000;0.000;0.000;0.000;0.000;999.000;0.000;0.000;0.000;0.000
21.10.2023 02:31:59.000000;0.000;0.000;0.000;0.000;0.000;0.000;0.000;0.000;0.000;0.000;0.000;0.359;-76.825;1.000;0.000;0.000;0.000;0.000;0.000;0.000;0.000;0.000;0.000;0.349;0.015;0.000;4.000;0.000;0.000;0.000;0.000;0.000;4.000;0.000;0.000;0.000;0.000;0.000;4.000;0.000;0.000;0.000;0.000;0.000;0.000;0.000;0.000;0.000;0.000;-37.077;0.000;4.000;0.000;0.000;0.000;0.000;0.000;999.000;0.000;0.000;0.000;0.000
21.10.2023 02:32:00.000000;0.000;0.000;0.000;0.000;0.000;0.000;0.000;0.000;0.000;0.000;0.000;0.355;-56.081;1.000;0.000;0.000;0.000;0.000;0.000;0.000;0.000;0.000;0.000;0.362;0.016;0.000;4.000;0.000;0.000;0.000;0.000;0.000;4.000;0.000;0.000;0.000;0.000;0.000;4.000;0.000;0.000;0.000;0.000;0.000;0.000;0.000;0.000;0.000;0.000;-37.073;0.000;4.000;0.000;0.000;0.000;0.000;0.000;999.000;0.000;0.000;0.000;0.000
21.10.2023 02:32:01.000000;0.000;0.000;0.000;0.000;0.000;0.000;0.000;0.000;0.000;0.000;0.000;0.355;-54.714;1.000;0.000;0.000;0.000;0.000;0.000;0.000;0.000;0.000;0.000;0.369;0.016;0.000;4.000;0.000;0.000;0.000;0.000;0.000;4.000;0.000;0.000;0.000;0.000;0.000;4.000;0.000;0.000;0.000;0.000;0.000;0.000;0.000;0.000;0.000;0.000;-37.074;0.000;4.000;0.000;0.000;0.000;0.000;0.000;999.000;0.000;0.000;0.000;0.000
21.10.2023 02:32:02.000000;0.000;0.000;0.000;0.000;0.000;0.000;0.000;0.000;0.000;0.000;0.000;0.359;-64.474;1.000;0.000;0.000;0.000;0.000;0.000;0.000;0.000;0.000;0.000;0.239;0.016;0.000;4.000;0.000;0.000;0.000;0.000;0.000;4.000;0.000;0.000;0.000;0.000;0.000;4.000;0.000;0.000;0.000;0.000;0.000;0.000;0.000;0.000;0.000;0.000;-37.073;0.000;4.000;0.000;0.000;0.000;0.000;0.000;999.000;0.000;0.000;0.000;0.000
21.10.2023 02:32:03.000000;0.000;0.000;0.000;0.000;0.000;0.000;0.000;0.000;0.000;0.000;0.000;0.000;0.000;0.000;0.000;0.000;0.000;0.000;0.000;0.000;0.000;0.000;0.000;0.330;0.015;0.000;4.000;0.000;0.000;0.000;0.000;0.000;4.000;0.000;0.000;0.000;0.000;0.000;4.000;0.000;0.000;0.000;0.000;0.000;0.000;0.000;0.000;0.000;0.000;-37.071;0.000;4.000;0.000;0.000;0.000;0.000;0.000;999.000;0.000;0.000;0.000;0.000
21.10.2023 02:32:04.000000;0.000;0.000;0.000;0.000;0.000;0.000;0.000;0.000;0.000;0.000;0.000;0.351;-58.399;1.000;0.000;0.000;0.000;0.407;-34.219;1.000;0.000;0.000;0.000;0.394;0.019;0.000;4.000;0.000;0.000;0.000;0.000;0.000;4.000;0.000;0.000;0.000;0.000;0.000;4.000;0.000;0.000;0.000;0.000;0.000;0.000;0.000;0.000;0.000;0.000;-37.074;0.000;4.000;0.000;0.000;0.000;0.000;0.000;999.000;0.000;0.000;0.000;0.000
21.10.2023 02:32:05.000000;0.000;0.000;0.000;0.000;0.000;0.000;0.000;0.000;0.000;0.000;0.000;0.351;-58.169;1.000;0.000;0.000;0.000;0.000;0.000;0.000;0.000;0.000;0.000;1.327;0.001;0.000;4.000;0.000;0.000;0.000;0.000;0.000;4.000;0.000;0.000;0.000;0.000;0.000;4.000;0.000;0.000;0.000;0.000;0.000;0.000;0.000;0.000;0.000;0.000;-37.073;0.000;4.000;0.000;0.000;0.000;0.000;0.000;999.000;0.000;0.000;0.000;0.000
21.10.2023 02:32:06.000000;0.000;0.000;0.000;0.000;0.000;0.000;0.000;0.000;0.000;0.000;0.000;0.347;-50.682;1.000;0.000;0.000;0.000;0.000;0.000;0.000;0.000;0.000;0.000;0.282;0.011;0.000;4.000;0.000;0.000;0.000;0.000;0.000;4.000;0.000;0.000;0.000;0.000;0.000;4.000;0.000;0.000;0.000;0.000;0.000;0.000;0.000;0.000;0.000;0.000;-37.072;0.000;4.000;0.000;0.000;0.000;0.000;0.000;999.000;0.000;0.000;0.000;0.000
21.10.2023 02:32:07.000000;1.000;1.000;0.000;0.000;0.000;0.000;0.000;0.000;0.000;0.000;0.000;0.353;-106.098;1.000;0.000;0.000;0.000;0.000;0.000;0.000;0.000;0.000;0.000;0.331;0.010;0.000;4.000;0.000;0.000;0.000;0.000;0.000;4.000;0.000;0.000;0.000;0.000;0.000;4.000;0.000;0.000;0.000;0.000;0.000;0.000;0.000;0.000;0.000;0.000;-37.076;0.000;4.000;0.000;0.000;0.000;0.000;0.000;999.000;0.000;0.000;0.000;0.000
21.10.2023 02:32:08.000000;0.000;0.000;0.000;0.000;0.000;0.000;0.000;0.000;0.000;0.000;0.000;0.355;-14.037;1.000;0.000;0.000;0.000;0.000;0.000;0.000;0.000;0.000;0.000;0.728;0.004;0.000;4.000;0.000;0.000;0.000;0.000;0.000;4.000;0.000;0.000;0.000;0.000;0.000;4.000;0.000;0.000;0.000;0.000;0.000;0.000;0.000;0.000;0.000;0.000;-37.077;0.000;4.000;0.000;0.000;0.000;0.000;0.000;999.000;0.000;0.000;0.000;0.000
21.10.2023 02:32:09.000000;0.000;0.000;0.000;0.000;0.000;0.000;0.000;0.000;0.000;0.000;0.000;0.346;-50.217;1.000;0.000;0.000;0.000;0.000;0.000;0.000;0.000;0.000;0.000;0.289;0.006;0.000;4.000;0.000;0.000;0.000;0.000;0.000;4.000;0.000;0.000;0.000;0.000;0.000;4.000;0.000;0.000;0.000;0.000;0.000;0.000;0.000;0.000;0.000;0.000;-37.078;0.000;4.000;0.000;0.000;0.000;0.000;0.000;999.000;0.000;0.000;0.000;0.000
21.10.2023 02:32:10.000000;0.000;0.000;0.000;0.000;0.000;0.000;0.000;0.000;0.000;0.000;0.000;0.344;-68.842;1.000;0.000;0.000;0.000;0.000;0.000;0.000;0.000;0.000;0.000;0.559;0.006;0.000;4.000;0.000;0.000;0.000;0.000;0.000;4.000;0.000;0.000;0.000;0.000;0.000;4.000;0.000;0.000;0.000;0.000;0.000;0.000;0.000;0.000;0.000;0.000;-37.079;0.000;4.000;0.000;0.000;0.000;0.000;0.000;999.000;0.000;0.000;0.000;0.000
21.10.2023 02:32:11.000000;0.000;0.000;0.000;0.000;0.000;0.000;0.000;0.000;0.000;0.000;0.000;0.340;-57.963;1.000;0.000;0.000;0.000;0.000;0.000;0.000;0.000;0.000;0.000;0.458;0.006;0.000;4.000;0.000;0.000;0.000;0.000;0.000;4.000;0.000;0.000;0.000;0.000;0.000;4.000;0.000;0.000;0.000;0.000;0.000;0.000;0.000;0.000;0.000;0.000;-37.078;0.000;4.000;0.000;0.000;0.000;0.000;0.000;999.000;0.000;0.000;0.000;0.000
21.10.2023 02:32:12.000000;0.000;0.000;0.000;0.000;0.000;0.000;0.000;0.000;0.000;0.000;0.000;0.335;-64.150;1.000;0.000;0.000;0.000;0.000;0.000;0.000;0.000;0.000;0.000;0.248;0.005;0.000;4.000;0.000;0.000;0.000;0.000;0.000;4.000;0.000;0.000;0.000;0.000;0.000;4.000;0.000;0.000;0.000;0.000;0.000;0.000;0.000;0.000;0.000;0.000;-37.080;0.000;4.000;0.000;0.000;0.000;0.000;0.000;999.000;0.000;0.000;0.000;0.000
21.10.2023 02:32:13.000000;0.000;0.000;0.000;0.000;0.000;0.000;0.000;0.000;0.000;0.000;0.000;0.000;0.000;0.000;0.000;0.000;0.000;0.000;0.000;0.000;0.000;0.000;0.000;1.285;0.001;0.000;4.000;0.000;0.000;0.000;0.000;0.000;4.000;0.000;0.000;0.000;0.000;0.000;4.000;0.000;0.000;0.000;0.000;0.000;0.000;0.000;0.000;0.000;0.000;-37.082;0.000;4.000;0.000;0.000;0.000;0.000;0.000;999.000;0.000;0.000;0.000;0.000
21.10.2023 02:32:14.000000;0.000;0.000;0.000;0.000;0.000;0.000;0.000;0.000;0.000;0.000;0.000;0.000;0.000;0.000;0.646;-27.619;1.000;0.000;0.000;0.000;0.000;0.000;0.000;0.398;0.011;0.000;4.000;0.000;0.000;0.000;0.000;0.000;4.000;0.000;0.000;0.000;0.000;0.000;4.000;0.000;0.000;0.000;0.000;0.000;0.000;0.000;0.000;0.000;0.000;-37.082;0.000;4.000;0.000;0.000;0.000;0.000;0.000;999.000;0.000;0.000;0.000;0.000
21.10.2023 02:32:15.000000;0.000;0.000;0.000;0.000;0.000;0.000;0.000;0.000;0.000;0.000;0.000;0.342;-70.696;1.000;0.000;0.000;0.000;0.000;0.000;0.000;0.000;0.000;0.000;0.374;0.012;0.000;4.000;0.000;0.000;0.000;0.000;0.000;4.000;0.000;0.000;0.000;0.000;0.000;4.000;0.000;0.000;0.000;0.000;0.000;0.000;0.000;0.000;0.000;0.000;-37.084;0.000;4.000;0.000;0.000;0.000;0.000;0.000;999.000;0.000;0.000;0.000;0.000
21.10.2023 02:32:16.000000;0.000;0.000;0.000;0.000;0.000;0.000;0.000;0.000;0.000;0.000;0.000;0.345;-71.841;1.000;0.000;0.000;0.000;0.000;0.000;0.000;0.000;0.000;0.000;0.377;0.012;0.000;4.000;0.000;0.000;0.000;0.000;0.000;4.000;0.000;0.000;0.000;0.000;0.000;5.000;0.000;0.000;0.000;0.000;0.000;0.000;0.000;0.000;0.000;0.000;-37.084;0.000;4.000;0.000;0.000;0.000;0.000;0.000;999.000;0.000;0.000;0.000;0.000
21.10.2023 02:32:17.000000;0.000;0.000;0.000;0.000;0.000;0.000;0.000;0.000;0.000;0.000;0.000;0.000;0.000;0.000;0.000;0.000;0.000;0.000;0.000;0.000;0.000;0.000;0.000;0.394;0.010;0.000;4.000;0.000;0.000;0.000;0.000;0.000;4.000;0.000;0.000;0.000;0.000;0.000;5.000;0.000;0.000;0.000;0.000;0.000;0.000;0.000;0.000;0.000;0.000;-37.084;0.000;4.000;0.000;0.000;0.000;0.000;0.000;999.000;0.000;0.000;0.000;0.000
21.10.2023 02:32:18.000000;0.000;0.000;0.000;0.000;0.000;0.000;0.000;0.000;0.000;0.000;0.000;0.340;-50.437;1.000;0.000;0.000;0.000;0.000;0.000;0.000;0.000;0.000;0.000;0.336;0.010;0.000;4.000;0.000;0.000;0.000;0.000;0.000;4.000;0.000;0.000;0.000;0.000;0.000;5.000;0.000;0.000;0.000;0.000;0.000;0.000;0.000;0.000;0.000;0.000;-37.085;0.000;4.000;0.000;0.000;0.000;0.000;0.000;999.000;0.000;0.000;0.000;0.000
21.10.2023 02:32:19.000000;0.000;0.000;0.000;0.000;0.000;0.000;0.000;0.000;0.000;0.000;0.000;0.341;-52.952;1.000;0.000;0.000;0.000;0.000;0.000;0.000;0.000;0.000;0.000;0.456;0.005;0.000;4.000;0.000;0.000;0.000;0.000;0.000;4.000;0.000;0.000;0.000;0.000;0.000;5.000;0.000;0.000;0.000;0.000;0.000;0.000;0.000;0.000;0.000;0.000;-37.083;0.000;4.000;0.000;0.000;0.000;0.000;0.000;999.000;0.000;0.000;0.000;0.000
21.10.2023 02:32:20.000000;0.000;0.000;0.000;0.000;0.000;0.000;0.000;0.000;0.000;0.000;0.000;0.000;0.000;0.000;0.000;0.000;0.000;0.000;0.000;0.000;0.000;0.000;0.000;0.482;0.004;0.000;4.000;0.000;0.000;0.000;0.000;0.000;4.000;0.000;0.000;0.000;0.000;0.000;4.000;0.000;0.000;0.000;0.000;0.000;0.000;0.000;0.000;0.000;0.000;-37.081;0.000;4.000;0.000;0.000;0.000;0.000;0.000;999.000;0.000;0.000;0.000;0.000
21.10.2023 02:32:21.000000;0.000;0.000;0.000;0.000;0.000;0.000;0.000;0.000;0.000;0.000;0.000;0.000;0.000;0.000;0.000;0.000;0.000;0.000;0.000;0.000;0.000;0.000;0.000;0.545;0.003;0.000;4.000;0.000;0.000;0.000;0.000;0.000;4.000;0.000;0.000;0.000;0.000;0.000;4.000;0.000;0.000;0.000;0.000;0.000;0.000;0.000;0.000;0.000;0.000;-37.081;0.000;4.000;0.000;0.000;0.000;0.000;0.000;999.000;0.000;0.000;0.000;0.000
21.10.2023 02:32:22.000000;0.000;0.000;0.000;0.000;0.000;0.000;0.000;0.000;0.000;0.000;0.000;0.000;0.000;0.000;0.000;0.000;0.000;0.000;0.000;0.000;0.000;0.000;0.000;0.378;0.005;0.000;4.000;0.000;0.000;0.000;0.000;0.000;4.000;0.000;0.000;0.000;0.000;0.000;4.000;0.000;0.000;0.000;0.000;0.000;0.000;0.000;0.000;0.000;0.000;-37.080;0.000;4.000;0.000;0.000;0.000;0.000;0.000;999.000;0.000;0.000;0.000;0.000
21.10.2023 02:32:23.000000;0.000;0.000;0.000;0.000;0.000;0.000;0.000;0.000;0.000;0.000;0.000;0.000;0.000;0.000;0.000;0.000;0.000;0.000;0.000;0.000;0.000;0.000;0.000;0.339;0.006;0.000;4.000;0.000;0.000;0.000;0.000;0.000;4.000;0.000;0.000;0.000;0.000;0.000;4.000;0.000;0.000;0.000;0.000;0.000;0.000;0.000;0.000;0.000;0.000;-37.080;0.000;4.000;0.000;0.000;0.000;0.000;0.000;999.000;0.000;0.000;0.000;0.000
21.10.2023 02:32:24.000000;0.000;0.000;0.000;0.000;0.000;0.000;0.000;0.000;0.000;0.000;0.000;0.000;0.000;0.000;0.000;0.000;0.000;0.000;0.000;0.000;0.000;0.000;0.000;0.352;0.007;0.000;4.000;0.000;0.000;0.000;0.000;0.000;4.000;0.000;0.000;0.000;0.000;0.000;4.000;0.000;0.000;0.000;0.000;0.000;0.000;0.000;0.000;0.000;0.000;-37.080;0.000;4.000;0.000;0.000;0.000;0.000;0.000;999.000;0.000;0.000;0.000;0.000
21.10.2023 02:32:25.000000;0.000;0.000;0.000;0.000;0.000;0.000;0.000;0.000;0.000;0.000;0.000;0.000;0.000;0.000;0.000;0.000;0.000;0.000;0.000;0.000;0.000;0.000;0.000;0.378;0.008;0.000;4.000;0.000;0.000;0.000;0.000;0.000;4.000;0.000;0.000;0.000;0.000;0.000;4.000;0.000;0.000;0.000;0.000;0.000;0.000;0.000;0.000;0.000;0.000;-37.077;0.000;4.000;0.000;0.000;0.000;0.000;0.000;999.000;0.000;0.000;0.000;0.000
21.10.2023 02:32:26.000000;0.000;0.000;0.000;0.000;0.000;0.000;0.000;0.000;0.000;0.000;0.000;0.316;-96.762;1.000;0.000;0.000;0.000;0.000;0.000;0.000;0.000;0.000;0.000;0.372;0.008;0.000;4.000;0.000;0.000;0.000;0.000;0.000;4.000;0.000;0.000;0.000;0.000;0.000;5.000;0.000;0.000;0.000;0.000;0.000;0.000;0.000;0.000;0.000;0.000;-37.075;0.000;4.000;0.000;0.000;0.000;0.000;0.000;999.000;0.000;0.000;0.000;0.000
21.10.2023 02:32:27.000000;0.000;0.000;0.000;0.000;0.000;0.000;0.000;0.000;0.000;0.000;0.000;0.000;0.000;0.000;0.000;0.000;0.000;0.000;0.000;0.000;0.000;0.000;0.000;0.410;0.008;0.000;4.000;0.000;0.000;0.000;0.000;0.000;4.000;0.000;0.000;0.000;0.000;0.000;5.000;0.000;0.000;0.000;0.000;0.000;0.000;0.000;0.000;0.000;0.000;-37.074;0.000;4.000;0.000;0.000;0.000;0.000;0.000;999.000;0.000;0.000;0.000;0.000
21.10.2023 02:32:28.000000;0.000;0.000;0.000;0.000;0.000;0.000;0.000;0.000;0.000;0.000;0.000;0.000;0.000;0.000;0.000;0.000;0.000;0.000;0.000;0.000;0.000;0.000;0.000;0.411;0.007;0.000;4.000;0.000;0.000;0.000;0.000;0.000;4.000;0.000;0.000;0.000;0.000;0.000;5.000;0.000;0.000;0.000;0.000;0.000;0.000;0.000;0.000;0.000;0.000;-37.072;0.000;4.000;0.000;0.000;0.000;0.000;0.000;999.000;0.000;0.000;0.000;0.000
21.10.2023 02:32:29.000000;0.000;0.000;0.000;0.000;0.000;0.000;0.000;0.000;0.000;0.000;0.000;0.000;0.000;0.000;0.000;0.000;0.000;0.406;-74.608;1.000;0.000;0.000;0.000;0.379;0.006;0.000;4.000;0.000;0.000;0.000;0.000;0.000;4.000;0.000;0.000;0.000;0.000;0.000;4.000;0.000;0.000;0.000;0.000;0.000;0.000;0.000;0.000;0.000;0.000;-37.071;0.000;4.000;0.000;0.000;0.000;0.000;0.000;999.000;0.000;0.000;0.000;0.000
21.10.2023 02:32:30.000000;0.000;0.000;0.000;0.000;0.000;0.000;0.000;0.000;0.000;0.000;0.000;0.000;0.000;0.000;0.427;-24.916;1.000;0.000;0.000;0.000;0.000;0.000;0.000;0.387;0.006;0.000;4.000;0.000;0.000;0.000;0.000;0.000;4.000;0.000;0.000;0.000;0.000;0.000;5.000;0.000;0.000;0.000;0.000;0.000;0.000;0.000;0.000;0.000;0.000;-37.071;0.000;4.000;0.000;0.000;0.000;0.000;0.000;999.000;0.000;0.000;0.000;0.000
21.10.2023 02:32:31.000000;0.000;0.000;0.000;0.000;0.000;0.000;0.000;0.000;0.000;0.000;0.000;0.000;0.000;0.000;0.455;-29.097;1.000;0.000;0.000;0.000;0.000;0.000;0.000;0.388;0.007;0.000;4.000;0.000;0.000;0.000;0.000;0.000;4.000;0.000;0.000;0.000;0.000;0.000;4.000;0.000;0.000;0.000;0.000;0.000;0.000;0.000;0.000;0.000;0.000;-37.070;0.000;4.000;0.000;0.000;0.000;0.000;0.000;999.000;0.000;0.000;0.000;0.000
21.10.2023 02:32:32.000000;0.000;0.000;0.000;0.000;0.000;0.000;0.000;0.000;0.000;0.000;0.000;0.000;0.000;0.000;0.000;0.000;0.000;0.000;0.000;0.000;0.000;0.000;0.000;0.388;0.009;0.000;4.000;0.000;0.000;0.000;0.000;0.000;4.000;0.000;0.000;0.000;0.000;0.000;4.000;0.000;0.000;0.000;0.000;0.000;0.000;0.000;0.000;0.000;0.000;-37.069;0.000;4.000;0.000;0.000;0.000;0.000;0.000;999.000;0.000;0.000;0.000;0.000
21.10.2023 02:32:33.000000;0.000;0.000;0.000;0.000;0.000;0.000;0.000;0.000;0.000;0.000;0.000;0.000;0.000;0.000;0.000;0.000;0.000;0.000;0.000;0.000;0.000;0.000;0.000;0.335;0.009;0.000;4.000;0.000;0.000;0.000;0.000;0.000;4.000;0.000;0.000;0.000;0.000;0.000;5.000;0.000;0.000;0.000;0.000;0.000;0.000;0.000;0.000;0.000;0.000;-37.071;0.000;4.000;0.000;0.000;0.000;0.000;0.000;999.000;0.000;0.000;0.000;0.000
21.10.2023 02:32:34.000000;0.000;0.000;0.000;0.000;0.000;0.000;0.000;0.000;0.000;0.000;0.000;0.000;0.000;0.000;0.000;0.000;0.000;0.000;0.000;0.000;0.000;0.000;0.000;0.358;0.011;0.000;4.000;0.000;0.000;0.000;0.000;0.000;4.000;0.000;0.000;0.000;0.000;0.000;4.000;0.000;0.000;0.000;0.000;0.000;0.000;0.000;0.000;0.000;0.000;-37.071;0.000;4.000;0.000;0.000;0.000;0.000;0.000;999.000;0.000;0.000;0.000;0.000
21.10.2023 02:32:35.000000;0.000;0.000;0.000;0.000;0.000;0.000;0.000;0.000;0.000;0.000;0.000;0.000;0.000;0.000;0.000;0.000;0.000;0.000;0.000;0.000;0.000;0.000;0.000;0.374;0.012;0.000;4.000;0.000;0.000;0.000;0.000;0.000;4.000;0.000;0.000;0.000;0.000;0.000;5.000;0.000;0.000;0.000;0.000;0.000;0.000;0.000;0.000;0.000;0.000;-37.069;0.000;4.000;0.000;0.000;0.000;0.000;0.000;999.000;0.000;0.000;0.000;0.000
21.10.2023 02:32:36.000000;0.000;0.000;0.000;0.000;0.000;0.000;0.000;0.000;0.000;0.000;0.000;0.000;0.000;0.000;0.000;0.000;0.000;0.000;0.000;0.000;0.000;0.000;0.000;0.351;0.011;0.000;4.000;0.000;0.000;0.000;0.000;0.000;4.000;0.000;0.000;0.000;0.000;0.000;4.000;0.000;0.000;0.000;0.000;0.000;0.000;0.000;0.000;0.000;0.000;-37.071;0.000;4.000;0.000;0.000;0.000;0.000;0.000;999.000;0.000;0.000;0.000;0.000
21.10.2023 02:32:37.000000;0.000;0.000;0.000;0.000;0.000;0.000;0.000;0.000;0.000;0.000;0.000;0.000;0.000;0.000;0.000;0.000;0.000;0.414;-49.640;1.000;0.000;0.000;0.000;0.429;0.010;0.000;4.000;0.000;0.000;0.000;0.000;0.000;4.000;0.000;0.000;0.000;0.000;0.000;4.000;0.000;0.000;0.000;0.000;0.000;0.000;0.000;0.000;0.000;0.000;-37.072;0.000;4.000;0.000;0.000;0.000;0.000;0.000;999.000;0.000;0.000;0.000;0.000
21.10.2023 02:32:38.000000;0.000;0.000;0.000;0.000;0.000;0.000;0.000;0.000;0.000;0.000;0.000;0.000;0.000;0.000;0.425;-79.952;1.000;0.000;0.000;0.000;0.000;0.000;0.000;0.387;0.009;0.000;4.000;0.000;0.000;0.000;0.000;0.000;4.000;0.000;0.000;0.000;0.000;0.000;5.000;0.000;0.000;0.000;0.000;0.000;0.000;0.000;0.000;0.000;0.000;-37.073;0.000;4.000;0.000;0.000;0.000;0.000;0.000;999.000;0.000;0.000;0.000;0.000
21.10.2023 02:32:39.000000;0.000;0.000;0.000;0.000;0.000;0.000;0.000;0.000;0.000;0.000;0.000;0.387;-63.087;1.000;0.000;0.000;0.000;0.000;0.000;0.000;0.000;0.000;0.000;0.339;0.009;0.000;4.000;0.000;0.000;0.000;0.000;0.000;4.000;0.000;0.000;0.000;0.000;0.000;4.000;0.000;0.000;0.000;0.000;0.000;0.000;0.000;0.000;0.000;0.000;-37.073;0.000;4.000;0.000;0.000;0.000;0.000;0.000;999.000;0.000;0.000;0.000;0.000
21.10.2023 02:32:40.000000;0.000;0.000;0.000;0.000;0.000;0.000;0.000;0.000;0.000;0.000;0.000;0.384;-41.829;1.000;0.000;0.000;0.000;0.000;0.000;0.000;0.000;0.000;0.000;0.352;0.011;0.000;4.000;0.000;0.000;0.000;0.000;0.000;4.000;0.000;0.000;0.000;0.000;0.000;4.000;0.000;0.000;0.000;0.000;0.000;0.000;0.000;0.000;0.000;0.000;-37.075;0.000;4.000;0.000;0.000;0.000;0.000;0.000;999.000;0.000;0.000;0.000;0.000
21.10.2023 02:32:41.000000;0.000;0.000;0.000;0.000;0.000;0.000;0.000;0.000;0.000;0.000;0.000;0.392;-50.681;1.000;0.000;0.000;0.000;0.000;0.000;0.000;0.000;0.000;0.000;0.375;0.013;0.000;4.000;0.000;0.000;0.000;0.000;0.000;4.000;0.000;0.000;0.000;0.000;0.000;4.000;0.000;0.000;0.000;0.000;0.000;0.000;0.000;0.000;0.000;0.000;-37.078;0.000;4.000;0.000;0.000;0.000;0.000;0.000;999.000;0.000;0.000;0.000;0.000
21.10.2023 02:32:42.000000;0.000;0.000;0.000;0.000;0.000;0.000;0.000;0.000;0.000;0.000;0.000;0.394;-48.292;1.000;0.000;0.000;0.000;0.000;0.000;0.000;0.000;0.000;0.000;0.371;0.014;0.000;4.000;0.000;0.000;0.000;0.000;0.000;4.000;0.000;0.000;0.000;0.000;0.000;4.000;0.000;0.000;0.000;0.000;0.000;0.000;0.000;0.000;0.000;0.000;-37.078;0.000;4.000;0.000;0.000;0.000;0.000;0.000;999.000;0.000;0.000;0.000;0.000
21.10.2023 02:32:43.000000;0.000;0.000;0.000;0.000;0.000;0.000;0.000;0.000;0.000;0.000;0.000;0.395;-42.425;1.000;0.000;0.000;0.000;0.000;0.000;0.000;0.000;0.000;0.000;0.366;0.014;0.000;4.000;0.000;0.000;0.000;0.000;0.000;4.000;0.000;0.000;0.000;0.000;0.000;4.000;0.000;0.000;0.000;0.000;0.000;0.000;0.000;0.000;0.000;0.000;-37.080;0.000;4.000;0.000;0.000;0.000;0.000;0.000;999.000;0.000;0.000;0.000;0.000
21.10.2023 02:32:44.000000;0.000;0.000;0.000;0.000;0.000;0.000;0.000;0.000;0.000;0.000;0.000;0.387;-13.733;1.000;0.000;0.000;0.000;0.000;0.000;0.000;0.000;0.000;0.000;0.379;0.014;0.000;4.000;0.000;0.000;0.000;0.000;0.000;4.000;0.000;0.000;0.000;0.000;0.000;5.000;0.000;0.000;0.000;0.000;0.000;0.000;0.000;0.000;0.000;0.000;-37.081;0.000;4.000;0.000;0.000;0.000;0.000;0.000;999.000;0.000;0.000;0.000;0.000
21.10.2023 02:32:45.000000;0.000;0.000;0.000;0.000;0.000;0.000;0.000;0.000;0.000;0.000;0.000;0.387;-46.530;1.000;0.000;0.000;0.000;0.426;-32.424;1.000;0.000;0.000;0.000;0.436;0.015;0.000;4.000;0.000;0.000;0.000;0.000;0.000;4.000;0.000;0.000;0.000;0.000;0.000;4.000;0.000;0.000;0.000;0.000;0.000;0.000;0.000;0.000;0.000;0.000;-37.079;0.000;4.000;0.000;0.000;0.000;0.000;0.000;999.000;0.000;0.000;0.000;0.000
21.10.2023 02:32:46.000000;0.000;0.000;0.000;0.000;0.000;0.000;0.000;0.000;0.000;0.000;0.000;0.000;0.000;0.000;0.000;0.000;0.000;0.407;-62.972;1.000;0.000;0.000;0.000;0.565;0.003;0.000;4.000;0.000;0.000;0.000;0.000;0.000;4.000;0.000;0.000;0.000;0.000;0.000;4.000;0.000;0.000;0.000;0.000;0.000;0.000;0.000;0.000;0.000;0.000;-37.080;0.000;4.000;0.000;0.000;0.000;0.000;0.000;999.000;0.000;0.000;0.000;0.000
21.10.2023 02:32:47.000000;0.000;0.000;0.000;0.000;0.000;0.000;0.000;0.000;0.000;0.000;0.000;0.000;0.000;0.000;0.000;0.000;0.000;0.000;0.000;0.000;0.000;0.000;0.000;0.672;0.004;0.000;4.000;0.000;0.000;0.000;0.000;0.000;4.000;0.000;0.000;0.000;0.000;0.000;4.000;0.000;0.000;0.000;0.000;0.000;0.000;0.000;0.000;0.000;0.000;-37.082;0.000;4.000;0.000;0.000;0.000;0.000;0.000;999.000;0.000;0.000;0.000;0.000
21.10.2023 02:32:48.000000;0.000;0.000;0.000;0.000;0.000;0.000;0.000;0.000;0.000;0.000;0.000;0.000;0.000;0.000;0.000;0.000;0.000;0.000;0.000;0.000;0.000;0.000;0.000;0.578;0.005;0.000;4.000;0.000;0.000;0.000;0.000;0.000;4.000;0.000;0.000;0.000;0.000;0.000;4.000;0.000;0.000;0.000;0.000;0.000;0.000;0.000;0.000;0.000;0.000;-37.080;0.000;4.000;0.000;0.000;0.000;0.000;0.000;999.000;0.000;0.000;0.000;0.000
21.10.2023 02:32:49.000000;0.000;0.000;0.000;0.000;0.000;0.000;0.000;0.000;0.000;0.000;0.000;0.359;-87.946;1.000;0.000;0.000;0.000;0.000;0.000;0.000;0.000;0.000;0.000;0.347;0.008;0.000;4.000;0.000;0.000;0.000;0.000;0.000;4.000;0.000;0.000;0.000;0.000;0.000;4.000;0.000;0.000;0.000;0.000;0.000;0.000;0.000;0.000;0.000;0.000;-37.079;0.000;4.000;0.000;0.000;0.000;0.000;0.000;999.000;0.000;0.000;0.000;0.000
21.10.2023 02:32:50.000000;0.000;0.000;0.000;0.000;0.000;0.000;0.000;0.000;0.000;0.000;0.000;0.000;0.000;0.000;0.000;0.000;0.000;0.000;0.000;0.000;0.000;0.000;0.000;1.210;0.003;0.000;4.000;0.000;0.000;0.000;0.000;0.000;4.000;0.000;0.000;0.000;0.000;0.000;4.000;0.000;0.000;0.000;0.000;0.000;0.000;0.000;0.000;0.000;0.000;-37.079;0.000;4.000;0.000;0.000;0.000;0.000;0.000;999.000;0.000;0.000;0.000;0.000
21.10.2023 02:32:51.000000;0.000;0.000;0.000;0.000;0.000;0.000;0.000;0.000;0.000;0.000;0.000;0.000;0.000;0.000;0.000;0.000;0.000;0.000;0.000;0.000;0.000;0.000;0.000;0.388;0.012;0.000;4.000;0.000;0.000;0.000;0.000;0.000;4.000;0.000;0.000;0.000;0.000;0.000;4.000;0.000;0.000;0.000;0.000;0.000;0.000;0.000;0.000;0.000;0.000;-37.078;0.000;4.000;0.000;0.000;0.000;0.000;0.000;999.000;0.000;0.000;0.000;0.000
21.10.2023 02:32:52.000000;0.000;0.000;0.000;0.000;0.000;0.000;0.000;0.000;0.000;0.000;0.000;0.000;0.000;0.000;0.000;0.000;0.000;0.000;0.000;0.000;0.000;0.000;0.000;0.362;0.013;0.000;4.000;0.000;0.000;0.000;0.000;0.000;4.000;0.000;0.000;0.000;0.000;0.000;4.000;0.000;0.000;0.000;0.000;0.000;0.000;0.000;0.000;0.000;0.000;-37.076;0.000;4.000;0.000;0.000;0.000;0.000;0.000;999.000;0.000;0.000;0.000;0.000
21.10.2023 02:32:53.000000;0.000;0.000;0.000;0.000;0.000;0.000;0.000;0.000;0.000;0.000;0.000;0.306;-71.463;1.000;0.000;0.000;0.000;0.000;0.000;0.000;0.000;0.000;0.000;0.423;0.010;0.000;4.000;0.000;0.000;0.000;0.000;0.000;4.000;0.000;0.000;0.000;0.000;0.000;4.000;0.000;0.000;0.000;0.000;0.000;0.000;0.000;0.000;0.000;0.000;-37.076;0.000;4.000;0.000;0.000;0.000;0.000;0.000;999.000;0.000;0.000;0.000;0.000
21.10.2023 02:32:54.000000;0.000;0.000;0.000;0.000;0.000;0.000;0.000;0.000;0.000;0.000;0.000;0.308;-101.103;1.000;0.000;0.000;0.000;0.000;0.000;0.000;0.000;0.000;0.000;0.715;0.001;0.000;4.000;0.000;0.000;0.000;0.000;0.000;4.000;0.000;0.000;0.000;0.000;0.000;5.000;0.000;0.000;0.000;0.000;0.000;0.000;0.000;0.000;0.000;0.000;-37.076;0.000;4.000;0.000;0.000;0.000;0.000;0.000;999.000;0.000;0.000;0.000;0.000
21.10.2023 02:32:55.000000;0.000;0.000;0.000;0.000;0.000;0.000;0.000;0.000;0.000;0.000;0.000;0.298;-72.538;1.000;0.000;0.000;0.000;0.000;0.000;0.000;0.000;0.000;0.000;1.995;0.001;0.000;4.000;0.000;0.000;0.000;0.000;0.000;4.000;0.000;0.000;0.000;0.000;0.000;4.000;0.000;0.000;0.000;0.000;0.000;0.000;0.000;0.000;0.000;0.000;-37.075;0.000;4.000;0.000;0.000;0.000;0.000;0.000;999.000;0.000;0.000;0.000;0.000
21.10.2023 02:32:56.000000;0.000;0.000;0.000;0.000;0.000;0.000;0.000;0.000;0.000;0.000;0.000;0.297;-74.315;1.000;0.000;0.000;0.000;0.000;0.000;0.000;0.000;0.000;0.000;1.918;0.001;0.000;4.000;0.000;0.000;0.000;0.000;0.000;4.000;0.000;0.000;0.000;0.000;0.000;4.000;0.000;0.000;0.000;0.000;0.000;0.000;0.000;0.000;0.000;0.000;-37.074;0.000;4.000;0.000;0.000;0.000;0.000;0.000;999.000;0.000;0.000;0.000;0.000
21.10.2023 02:32:57.000000;0.000;0.000;0.000;0.000;0.000;0.000;0.000;0.000;0.000;0.000;0.000;0.000;0.000;0.000;0.000;0.000;0.000;0.000;0.000;0.000;0.000;0.000;0.000;0.995;0.002;0.000;4.000;0.000;0.000;0.000;0.000;0.000;4.000;0.000;0.000;0.000;0.000;0.000;4.000;0.000;0.000;0.000;0.000;0.000;0.000;0.000;0.000;0.000;0.000;-37.073;0.000;4.000;0.000;0.000;0.000;0.000;0.000;999.000;0.000;0.000;0.000;0.000
21.10.2023 02:32:58.000000;0.000;0.000;0.000;0.000;0.000;0.000;0.000;0.000;0.000;0.000;0.000;0.374;-14.850;1.000;0.000;0.000;0.000;0.000;0.000;0.000;0.000;0.000;0.000;0.400;0.010;0.000;4.000;0.000;0.000;0.000;0.000;0.000;4.000;0.000;0.000;0.000;0.000;0.000;4.000;0.000;0.000;0.000;0.000;0.000;0.000;0.000;0.000;0.000;0.000;-37.073;0.000;4.000;0.000;0.000;0.000;0.000;0.000;999.000;0.000;0.000;0.000;0.000
21.10.2023 02:32:59.000000;0.000;0.000;0.000;0.000;0.000;0.000;0.000;0.000;0.000;0.000;0.000;0.368;-60.075;1.000;0.000;0.000;0.000;0.000;0.000;0.000;0.000;0.000;0.000;0.412;0.011;0.000;4.000;0.000;0.000;0.000;0.000;0.000;4.000;0.000;0.000;0.000;0.000;0.000;4.000;0.000;0.000;0.000;0.000;0.000;0.000;0.000;0.000;0.000;0.000;-37.073;0.000;4.000;0.000;0.000;0.000;0.000;0.000;999.000;0.000;0.000;0.000;0.000
21.10.2023 02:33:00.000000;0.000;0.000;0.000;0.000;0.000;0.000;0.000;0.000;0.000;0.000;0.000;0.364;-67.051;1.000;0.000;0.000;0.000;0.000;0.000;0.000;0.000;0.000;0.000;1.118;0.001;0.000;4.000;0.000;0.000;0.000;0.000;0.000;4.000;0.000;0.000;0.000;0.000;0.000;4.000;0.000;0.000;0.000;0.000;0.000;0.000;0.000;0.000;0.000;0.000;-37.075;0.000;4.000;0.000;0.000;0.000;0.000;0.000;999.000;0.000;0.000;0.000;0.000
21.10.2023 02:33:01.000000;0.000;0.000;0.000;0.000;0.000;0.000;0.000;0.000;0.000;0.000;0.000;0.000;0.000;0.000;0.000;0.000;0.000;0.000;0.000;0.000;0.000;0.000;0.000;0.313;0.013;0.000;4.000;0.000;0.000;0.000;0.000;0.000;4.000;0.000;0.000;0.000;0.000;0.000;5.000;0.000;0.000;0.000;0.000;0.000;0.000;0.000;0.000;0.000;0.000;-37.077;0.000;4.000;0.000;0.000;0.000;0.000;0.000;999.000;0.000;0.000;0.000;0.000
21.10.2023 02:33:02.000000;0.000;0.000;0.000;0.000;0.000;0.000;0.000;0.000;0.000;0.000;0.000;0.000;0.000;0.000;0.000;0.000;0.000;0.000;0.000;0.000;0.000;0.000;0.000;1.267;0.001;0.000;4.000;0.000;0.000;0.000;0.000;0.000;4.000;0.000;0.000;0.000;0.000;0.000;5.000;0.000;0.000;0.000;0.000;0.000;0.000;0.000;0.000;0.000;0.000;-37.074;0.000;4.000;0.000;0.000;0.000;0.000;0.000;999.000;0.000;0.000;0.000;0.000
21.10.2023 02:33:03.000000;0.000;0.000;0.000;0.000;0.000;0.000;0.000;0.000;0.000;0.000;0.000;0.000;0.000;0.000;0.000;0.000;0.000;0.000;0.000;0.000;0.000;0.000;0.000;0.369;0.017;0.000;4.000;0.000;0.000;0.000;0.000;0.000;4.000;0.000;0.000;0.000;0.000;0.000;5.000;0.000;0.000;0.000;0.000;0.000;0.000;0.000;0.000;0.000;0.000;-37.075;0.000;4.000;0.000;0.000;0.000;0.000;0.000;999.000;0.000;0.000;0.000;0.000
21.10.2023 02:33:04.000000;0.000;0.000;0.000;0.000;0.000;0.000;0.000;0.000;0.000;0.000;0.000;0.000;0.000;0.000;0.000;0.000;0.000;0.000;0.000;0.000;0.000;0.000;0.000;0.373;0.016;0.000;4.000;0.000;0.000;0.000;0.000;0.000;4.000;0.000;0.000;0.000;0.000;0.000;4.000;0.000;0.000;0.000;0.000;0.000;0.000;0.000;0.000;0.000;0.000;-37.078;0.000;4.000;0.000;0.000;0.000;0.000;0.000;999.000;0.000;0.000;0.000;0.000
21.10.2023 02:33:05.000000;0.000;0.000;0.000;0.000;0.000;0.000;0.000;0.000;0.000;0.000;0.000;0.000;0.000;0.000;0.000;0.000;0.000;0.000;0.000;0.000;0.000;0.000;0.000;0.353;0.015;0.000;4.000;0.000;0.000;0.000;0.000;0.000;4.000;0.000;0.000;0.000;0.000;0.000;4.000;0.000;0.000;0.000;0.000;0.000;0.000;0.000;0.000;0.000;0.000;-37.074;0.000;4.000;0.000;0.000;0.000;0.000;0.000;999.000;0.000;0.000;0.000;0.000
21.10.2023 02:33:06.000000;0.000;0.000;0.000;0.000;0.000;0.000;0.000;0.000;0.000;0.000;0.000;0.000;0.000;0.000;0.000;0.000;0.000;0.000;0.000;0.000;0.000;0.000;0.000;0.312;0.016;0.000;4.000;0.000;0.000;0.000;0.000;0.000;4.000;0.000;0.000;0.000;0.000;0.000;4.000;0.000;0.000;0.000;0.000;0.000;0.000;0.000;0.000;0.000;0.000;-37.073;0.000;4.000;0.000;0.000;0.000;0.000;0.000;999.000;0.000;0.000;0.000;0.000
21.10.2023 02:33:07.000000;0.000;0.000;0.000;0.000;0.000;0.000;0.000;0.000;0.000;0.000;0.000;0.364;-26.310;1.000;0.000;0.000;0.000;0.000;0.000;0.000;0.000;0.000;0.000;0.320;0.014;0.000;4.000;0.000;0.000;0.000;0.000;0.000;4.000;0.000;0.000;0.000;0.000;0.000;4.000;0.000;0.000;0.000;0.000;0.000;0.000;0.000;0.000;0.000;0.000;-37.074;0.000;4.000;0.000;0.000;0.000;0.000;0.000;999.000;0.000;0.000;0.000;0.000
21.10.2023 02:33:08.000000;0.000;0.000;0.000;0.000;0.000;0.000;0.000;0.000;0.000;0.000;0.000;0.381;-73.939;1.000;0.000;0.000;0.000;0.000;0.000;0.000;0.000;0.000;0.000;0.337;0.010;0.000;4.000;0.000;0.000;0.000;0.000;0.000;4.000;0.000;0.000;0.000;0.000;0.000;4.000;0.000;0.000;0.000;0.000;0.000;0.000;0.000;0.000;0.000;0.000;-37.073;0.000;4.000;0.000;0.000;0.000;0.000;0.000;999.000;0.000;0.000;0.000;0.000
21.10.2023 02:33:09.000000;0.000;0.000;0.000;0.000;0.000;0.000;0.000;0.000;0.000;0.000;0.000;0.367;-57.799;1.000;0.000;0.000;0.000;0.000;0.000;0.000;0.000;0.000;0.000;0.365;0.010;0.000;4.000;0.000;0.000;0.000;0.000;0.000;4.000;0.000;0.000;0.000;0.000;0.000;4.000;0.000;0.000;0.000;0.000;0.000;0.000;0.000;0.000;0.000;0.000;-37.074;0.000;4.000;0.000;0.000;0.000;0.000;0.000;999.000;0.000;0.000;0.000;0.000
21.10.2023 02:33:10.000000;0.000;0.000;0.000;0.000;0.000;0.000;0.000;0.000;0.000;0.000;0.000;0.367;-58.660;1.000;0.000;0.000;0.000;0.000;0.000;0.000;0.000;0.000;0.000;0.385;0.008;0.000;4.000;0.000;0.000;0.000;0.000;0.000;4.000;0.000;0.000;0.000;0.000;0.000;4.000;0.000;0.000;0.000;0.000;0.000;0.000;0.000;0.000;0.000;0.000;-37.072;0.000;4.000;0.000;0.000;0.000;0.000;0.000;999.000;0.000;0.000;0.000;0.000
21.10.2023 02:33:11.000000;0.000;0.000;0.000;0.000;0.000;0.000;0.000;0.000;0.000;0.000;0.000;0.368;-58.353;1.000;0.000;0.000;0.000;0.000;0.000;0.000;0.000;0.000;0.000;1.511;0.001;0.000;4.000;0.000;0.000;0.000;0.000;0.000;4.000;0.000;0.000;0.000;0.000;0.000;4.000;0.000;0.000;0.000;0.000;0.000;0.000;0.000;0.000;0.000;0.000;-37.070;0.000;4.000;0.000;0.000;0.000;0.000;0.000;999.000;0.000;0.000;0.000;0.000
21.10.2023 02:33:12.000000;0.000;0.000;0.000;0.000;0.000;0.000;0.000;0.000;0.000;0.000;0.000;0.368;-65.820;1.000;0.000;0.000;0.000;0.000;0.000;0.000;0.000;0.000;0.000;1.468;0.001;0.000;4.000;0.000;0.000;0.000;0.000;0.000;4.000;0.000;0.000;0.000;0.000;0.000;4.000;0.000;0.000;0.000;0.000;0.000;0.000;0.000;0.000;0.000;0.000;-37.069;0.000;4.000;0.000;0.000;0.000;0.000;0.000;999.000;0.000;0.000;0.000;0.000
21.10.2023 02:33:13.000000;0.000;0.000;0.000;0.000;0.000;0.000;0.000;0.000;0.000;0.000;0.000;0.000;0.000;0.000;0.403;-44.447;1.000;0.000;0.000;0.000;0.000;0.000;0.000;0.459;0.005;0.000;4.000;0.000;0.000;0.000;0.000;0.000;4.000;0.000;0.000;0.000;0.000;0.000;4.000;0.000;0.000;0.000;0.000;0.000;0.000;0.000;0.000;0.000;0.000;-37.068;0.000;4.000;0.000;0.000;0.000;0.000;0.000;999.000;0.000;0.000;0.000;0.000
21.10.2023 02:33:14.000000;0.000;0.000;0.000;0.000;0.000;0.000;0.000;0.000;0.000;0.000;0.000;0.338;-55.895;1.000;0.000;0.000;0.000;0.000;0.000;0.000;0.000;0.000;0.000;0.426;0.008;0.000;4.000;0.000;0.000;0.000;0.000;0.000;4.000;0.000;0.000;0.000;0.000;0.000;4.000;0.000;0.000;0.000;0.000;0.000;0.000;0.000;0.000;0.000;0.000;-37.069;0.000;4.000;0.000;0.000;0.000;0.000;0.000;999.000;0.000;0.000;0.000;0.000
21.10.2023 02:33:15.000000;0.000;0.000;0.000;0.000;0.000;0.000;0.000;0.000;0.000;0.000;0.000;0.339;-58.458;1.000;0.000;0.000;0.000;0.000;0.000;0.000;0.000;0.000;0.000;1.267;0.001;0.000;4.000;0.000;0.000;0.000;0.000;0.000;4.000;0.000;0.000;0.000;0.000;0.000;4.000;0.000;0.000;0.000;0.000;0.000;0.000;0.000;0.000;0.000;0.000;-37.068;0.000;4.000;0.000;0.000;0.000;0.000;0.000;999.000;0.000;0.000;0.000;0.000
21.10.2023 02:33:16.000000;0.000;0.000;0.000;0.000;0.000;0.000;0.000;0.000;0.000;0.000;0.000;0.341;-78.190;1.000;0.000;0.000;0.000;0.000;0.000;0.000;0.000;0.000;0.000;0.437;0.011;0.000;4.000;0.000;0.000;0.000;0.000;0.000;4.000;0.000;0.000;0.000;0.000;0.000;4.000;0.000;0.000;0.000;0.000;0.000;0.000;0.000;0.000;0.000;0.000;-37.066;0.000;4.000;0.000;0.000;0.000;0.000;0.000;999.000;0.000;0.000;0.000;0.000
21.10.2023 02:33:17.000000;0.000;0.000;0.000;0.000;0.000;0.000;0.000;0.000;0.000;0.000;0.000;0.000;0.000;0.000;0.000;0.000;0.000;0.000;0.000;0.000;0.000;0.000;0.000;0.372;0.014;0.000;4.000;0.000;0.000;0.000;0.000;0.000;4.000;0.000;0.000;0.000;0.000;0.000;4.000;0.000;0.000;0.000;0.000;0.000;0.000;0.000;0.000;0.000;0.000;-37.068;0.000;4.000;0.000;0.000;0.000;0.000;0.000;999.000;0.000;0.000;0.000;0.000
21.10.2023 02:33:18.000000;0.000;0.000;0.000;0.000;0.000;0.000;0.000;0.000;0.000;0.000;0.000;0.000;0.000;0.000;0.000;0.000;0.000;0.000;0.000;0.000;0.000;0.000;0.000;0.343;0.012;0.000;4.000;0.000;0.000;0.000;0.000;0.000;4.000;0.000;0.000;0.000;0.000;0.000;4.000;0.000;0.000;0.000;0.000;0.000;0.000;0.000;0.000;0.000;0.000;-37.066;0.000;4.000;0.000;0.000;0.000;0.000;0.000;999.000;0.000;0.000;0.000;0.000
21.10.2023 02:33:19.000000;0.000;0.000;0.000;0.000;0.000;0.000;0.000;0.000;0.000;0.000;0.000;0.000;0.000;0.000;0.000;0.000;0.000;0.000;0.000;0.000;0.000;0.000;0.000;0.368;0.010;0.000;4.000;0.000;0.000;0.000;0.000;0.000;4.000;0.000;0.000;0.000;0.000;0.000;5.000;0.000;0.000;0.000;0.000;0.000;0.000;0.000;0.000;0.000;0.000;-37.067;0.000;4.000;0.000;0.000;0.000;0.000;0.000;999.000;0.000;0.000;0.000;0.000
21.10.2023 02:33:20.000000;0.000;0.000;0.000;0.000;0.000;0.000;0.000;0.000;0.000;0.000;0.000;0.000;0.000;0.000;0.000;0.000;0.000;0.000;0.000;0.000;0.000;0.000;0.000;0.991;0.001;0.000;4.000;0.000;0.000;0.000;0.000;0.000;4.000;0.000;0.000;0.000;0.000;0.000;0.000;0.493;50.012;-0.052;0.033;0.000;0.000;0.000;0.000;0.000;0.000;-37.067;0.000;4.000;0.000;0.000;0.000;0.000;0.000;999.000;0.000;0.000;0.000;0.000
21.10.2023 02:33:21.000000;0.000;0.000;0.000;0.000;0.000;0.000;0.000;0.000;0.000;0.000;0.000;0.000;0.000;0.000;0.000;0.000;0.000;0.000;0.000;0.000;0.000;0.000;0.000;0.916;0.002;0.000;4.000;0.000;0.000;0.000;0.000;0.000;4.000;0.000;0.000;0.000;0.000;0.000;0.000;0.493;50.006;-0.052;0.033;0.000;0.000;0.000;0.000;0.000;0.000;-37.065;0.000;4.000;0.000;0.000;0.000;0.000;0.000;999.000;0.000;0.000;0.000;0.000
21.10.2023 02:33:22.000000;0.000;0.000;0.000;0.000;0.000;0.000;0.000;0.000;0.000;0.000;0.000;0.330;-36.528;1.000;0.000;0.000;0.000;0.000;0.000;0.000;0.000;0.000;0.000;0.363;0.009;0.000;4.000;0.000;0.000;0.000;0.000;0.000;4.000;0.000;0.000;0.000;0.000;0.000;4.000;0.000;0.000;0.000;0.000;0.000;0.000;0.000;0.000;0.000;0.000;-37.067;0.000;4.000;0.000;0.000;0.000;0.000;0.000;999.000;0.000;0.000;0.000;0.000
21.10.2023 02:33:23.000000;0.000;0.000;0.000;0.000;0.000;0.000;0.000;0.000;0.000;0.000;0.000;0.335;-65.519;1.000;0.000;0.000;0.000;0.000;0.000;0.000;0.000;0.000;0.000;0.947;0.002;0.000;4.000;0.000;0.000;0.000;0.000;0.000;4.000;0.000;0.000;0.000;0.000;0.000;4.000;0.000;0.000;0.000;0.000;0.000;0.000;0.000;0.000;0.000;0.000;-37.069;0.000;4.000;0.000;0.000;0.000;0.000;0.000;999.000;0.000;0.000;0.000;0.000
21.10.2023 02:33:24.000000;0.000;0.000;0.000;0.000;0.000;0.000;0.000;0.000;0.000;0.000;0.000;0.336;-65.258;1.000;0.000;0.000;0.000;0.000;0.000;0.000;0.000;0.000;0.000;0.294;0.006;0.000;4.000;0.000;0.000;0.000;0.000;0.000;4.000;0.000;0.000;0.000;0.000;0.000;4.000;0.000;0.000;0.000;0.000;0.000;0.000;0.000;0.000;0.000;0.000;-37.070;0.000;4.000;0.000;0.000;0.000;0.000;0.000;999.000;0.000;0.000;0.000;0.000
21.10.2023 02:33:25.000000;0.000;0.000;0.000;0.000;0.000;0.000;0.000;0.000;0.000;0.000;0.000;0.000;0.000;0.000;0.000;0.000;0.000;0.000;0.000;0.000;0.000;0.000;0.000;0.288;0.005;0.000;4.000;0.000;0.000;0.000;0.000;0.000;4.000;0.000;0.000;0.000;0.000;0.000;4.000;0.000;0.000;0.000;0.000;0.000;0.000;0.000;0.000;0.000;0.000;-37.070;0.000;4.000;0.000;0.000;0.000;0.000;0.000;999.000;0.000;0.000;0.000;0.000
21.10.2023 02:33:26.000000;0.000;0.000;0.000;0.000;0.000;0.000;0.000;0.000;0.000;0.000;0.000;0.343;-85.178;1.000;0.000;0.000;0.000;0.000;0.000;0.000;0.000;0.000;0.000;0.375;0.008;0.000;4.000;0.000;0.000;0.000;0.000;0.000;4.000;0.000;0.000;0.000;0.000;0.000;4.000;0.000;0.000;0.000;0.000;0.000;0.000;0.000;0.000;0.000;0.000;-37.069;0.000;4.000;0.000;0.000;0.000;0.000;0.000;999.000;0.000;0.000;0.000;0.000
21.10.2023 02:33:27.000000;0.000;0.000;0.000;0.000;0.000;0.000;0.000;0.000;0.000;0.000;0.000;0.000;0.000;0.000;0.000;0.000;0.000;0.000;0.000;0.000;0.000;0.000;0.000;0.460;0.006;0.000;4.000;0.000;0.000;0.000;0.000;0.000;4.000;0.000;0.000;0.000;0.000;0.000;4.000;0.000;0.000;0.000;0.000;0.000;0.000;0.000;0.000;0.000;0.000;-37.071;0.000;4.000;0.000;0.000;0.000;0.000;0.000;999.000;0.000;0.000;0.000;0.000
21.10.2023 02:33:28.000000;0.000;0.000;0.000;0.000;0.000;0.000;0.000;0.000;0.000;0.000;0.000;0.000;0.000;0.000;0.000;0.000;0.000;0.000;0.000;0.000;0.000;0.000;0.000;0.293;0.010;0.000;4.000;0.000;0.000;0.000;0.000;0.000;4.000;0.000;0.000;0.000;0.000;0.000;4.000;0.000;0.000;0.000;0.000;0.000;0.000;0.000;0.000;0.000;0.000;-37.070;0.000;4.000;0.000;0.000;0.000;0.000;0.000;999.000;0.000;0.000;0.000;0.000
21.10.2023 02:33:29.000000;0.000;0.000;0.000;0.000;0.000;0.000;0.000;0.000;0.000;0.000;0.000;0.000;0.000;0.000;0.000;0.000;0.000;0.000;0.000;0.000;0.000;0.000;0.000;0.345;0.010;0.000;4.000;0.000;0.000;0.000;0.000;0.000;4.000;0.000;0.000;0.000;0.000;0.000;4.000;0.000;0.000;0.000;0.000;0.000;0.000;0.000;0.000;0.000;0.000;-37.068;0.000;4.000;0.000;0.000;0.000;0.000;0.000;999.000;0.000;0.000;0.000;0.000
21.10.2023 02:33:30.000000;0.000;0.000;0.000;0.000;0.000;0.000;0.000;0.000;0.000;0.000;0.000;0.000;0.000;0.000;0.000;0.000;0.000;0.000;0.000;0.000;0.000;0.000;0.000;0.374;0.011;0.000;4.000;0.000;0.000;0.000;0.000;0.000;4.000;0.000;0.000;0.000;0.000;0.000;4.000;0.000;0.000;0.000;0.000;0.000;0.000;0.000;0.000;0.000;0.000;-37.069;0.000;4.000;0.000;0.000;0.000;0.000;0.000;999.000;0.000;0.000;0.000;0.000
21.10.2023 02:33:31.000000;0.000;0.000;0.000;0.000;0.000;0.000;0.000;0.000;0.000;0.000;0.000;0.000;0.000;0.000;0.000;0.000;0.000;0.000;0.000;0.000;0.000;0.000;0.000;0.338;0.011;0.000;4.000;0.000;0.000;0.000;0.000;0.000;4.000;0.000;0.000;0.000;0.000;0.000;5.000;0.000;0.000;0.000;0.000;0.000;0.000;0.000;0.000;0.000;0.000;-37.068;0.000;4.000;0.000;0.000;0.000;0.000;0.000;999.000;0.000;0.000;0.000;0.000
21.10.2023 02:33:32.000000;0.000;0.000;0.000;0.000;0.000;0.000;0.000;0.000;0.000;0.000;0.000;0.370;-71.415;1.000;0.000;0.000;0.000;0.000;0.000;0.000;0.000;0.000;0.000;0.362;0.010;0.000;4.000;0.000;0.000;0.000;0.000;0.000;4.000;0.000;0.000;0.000;0.000;0.000;4.000;0.000;0.000;0.000;0.000;0.000;0.000;0.000;0.000;0.000;0.000;-37.066;0.000;4.000;0.000;0.000;0.000;0.000;0.000;999.000;0.000;0.000;0.000;0.000
21.10.2023 02:33:33.000000;0.000;0.000;0.000;0.000;0.000;0.000;0.000;0.000;0.000;0.000;0.000;0.373;-53.416;1.000;0.000;0.000;0.000;0.000;0.000;0.000;0.000;0.000;0.000;0.894;0.002;0.000;4.000;0.000;0.000;0.000;0.000;0.000;4.000;0.000;0.000;0.000;0.000;0.000;4.000;0.000;0.000;0.000;0.000;0.000;0.000;0.000;0.000;0.000;0.000;-37.068;0.000;4.000;0.000;0.000;0.000;0.000;0.000;999.000;0.000;0.000;0.000;0.000
21.10.2023 02:33:34.000000;0.000;0.000;0.000;0.000;0.000;0.000;0.000;0.000;0.000;0.000;0.000;0.374;-51.450;1.000;0.000;0.000;0.000;0.000;0.000;0.000;0.000;0.000;0.000;0.229;0.008;0.000;4.000;0.000;0.000;0.000;0.000;0.000;4.000;0.000;0.000;0.000;0.000;0.000;4.000;0.000;0.000;0.000;0.000;0.000;0.000;0.000;0.000;0.000;0.000;-37.067;0.000;4.000;0.000;0.000;0.000;0.000;0.000;999.000;0.000;0.000;0.000;0.000
21.10.2023 02:33:35.000000;0.000;0.000;0.000;0.000;0.000;0.000;0.000;0.000;0.000;0.000;0.000;0.372;-46.354;1.000;0.000;0.000;0.000;0.000;0.000;0.000;0.000;0.000;0.000;1.039;0.002;0.000;4.000;0.000;0.000;0.000;0.000;0.000;4.000;0.000;0.000;0.000;0.000;0.000;4.000;0.000;0.000;0.000;0.000;0.000;0.000;0.000;0.000;0.000;0.000;-37.065;0.000;4.000;0.000;0.000;0.000;0.000;0.000;999.000;0.000;0.000;0.000;0.000
21.10.2023 02:33:36.000000;0.000;0.000;0.000;0.000;0.000;0.000;0.000;0.000;0.000;0.000;0.000;0.349;-45.512;1.000;0.000;0.000;0.000;0.000;0.000;0.000;0.000;0.000;0.000;0.374;0.009;0.000;4.000;0.000;0.000;0.000;0.000;0.000;4.000;0.000;0.000;0.000;0.000;0.000;4.000;0.000;0.000;0.000;0.000;0.000;0.000;0.000;0.000;0.000;0.000;-37.065;0.000;4.000;0.000;0.000;0.000;0.000;0.000;999.000;0.000;0.000;0.000;0.000
21.10.2023 02:33:37.000000;0.000;0.000;0.000;0.000;0.000;0.000;0.000;0.000;0.000;0.000;0.000;0.000;0.000;0.000;0.000;0.000;0.000;0.000;0.000;0.000;0.000;0.000;0.000;0.372;0.009;0.000;4.000;0.000;0.000;0.000;0.000;0.000;4.000;0.000;0.000;0.000;0.000;0.000;4.000;0.000;0.000;0.000;0.000;0.000;0.000;0.000;0.000;0.000;0.000;-37.065;0.000;4.000;0.000;0.000;0.000;0.000;0.000;999.000;0.000;0.000;0.000;0.000
21.10.2023 02:33:38.000000;0.000;0.000;0.000;0.000;0.000;0.000;0.000;0.000;0.000;0.000;0.000;0.337;-64.631;1.000;0.000;0.000;0.000;0.000;0.000;0.000;0.000;0.000;0.000;0.356;0.008;0.000;4.000;0.000;0.000;0.000;0.000;0.000;4.000;0.000;0.000;0.000;0.000;0.000;4.000;0.000;0.000;0.000;0.000;0.000;0.000;0.000;0.000;0.000;0.000;-37.065;0.000;4.000;0.000;0.000;0.000;0.000;0.000;999.000;0.000;0.000;0.000;0.000
21.10.2023 02:33:39.000000;0.000;0.000;0.000;0.000;0.000;0.000;0.000;0.000;0.000;0.000;0.000;0.336;-62.405;1.000;0.000;0.000;0.000;0.000;0.000;0.000;0.000;0.000;0.000;1.039;0.001;0.000;4.000;0.000;0.000;0.000;0.000;0.000;4.000;0.000;0.000;0.000;0.000;0.000;4.000;0.000;0.000;0.000;0.000;0.000;0.000;0.000;0.000;0.000;0.000;-37.065;0.000;4.000;0.000;0.000;0.000;0.000;0.000;999.000;0.000;0.000;0.000;0.000
21.10.2023 02:33:40.000000;0.000;0.000;0.000;0.000;0.000;0.000;0.000;0.000;0.000;0.000;0.000;0.337;-58.802;1.000;0.000;0.000;0.000;0.000;0.000;0.000;0.000;0.000;0.000;0.874;0.002;0.000;4.000;0.000;0.000;0.000;0.000;0.000;4.000;0.000;0.000;0.000;0.000;0.000;4.000;0.000;0.000;0.000;0.000;0.000;0.000;0.000;0.000;0.000;0.000;-37.065;0.000;4.000;0.000;0.000;0.000;0.000;0.000;999.000;0.000;0.000;0.000;0.000
21.10.2023 02:33:41.000000;0.000;0.000;0.000;0.000;0.000;0.000;0.000;0.000;0.000;0.000;0.000;0.336;-52.837;1.000;0.000;0.000;0.000;0.000;0.000;0.000;0.000;0.000;0.000;0.850;0.002;0.000;4.000;0.000;0.000;0.000;0.000;0.000;4.000;0.000;0.000;0.000;0.000;0.000;4.000;0.000;0.000;0.000;0.000;0.000;0.000;0.000;0.000;0.000;0.000;-37.066;0.000;4.000;0.000;0.000;0.000;0.000;0.000;999.000;0.000;0.000;0.000;0.000
21.10.2023 02:33:42.000000;0.000;0.000;0.000;0.000;0.000;0.000;0.000;0.000;0.000;0.000;0.000;0.338;-52.145;1.000;0.000;0.000;0.000;0.000;0.000;0.000;0.000;0.000;0.000;0.395;0.008;0.000;4.000;0.000;0.000;0.000;0.000;0.000;4.000;0.000;0.000;0.000;0.000;0.000;4.000;0.000;0.000;0.000;0.000;0.000;0.000;0.000;0.000;0.000;0.000;-37.068;0.000;4.000;0.000;0.000;0.000;0.000;0.000;999.000;0.000;0.000;0.000;0.000
21.10.2023 02:33:43.000000;0.000;0.000;0.000;0.000;0.000;0.000;0.000;0.000;0.000;0.000;0.000;0.340;-56.887;1.000;0.000;0.000;0.000;0.000;0.000;0.000;0.000;0.000;0.000;0.952;0.002;0.000;4.000;0.000;0.000;0.000;0.000;0.000;4.000;0.000;0.000;0.000;0.000;0.000;4.000;0.000;0.000;0.000;0.000;0.000;0.000;0.000;0.000;0.000;0.000;-37.068;0.000;4.000;0.000;0.000;0.000;0.000;0.000;999.000;0.000;0.000;0.000;0.000
21.10.2023 02:33:44.000000;0.000;0.000;0.000;0.000;0.000;0.000;0.000;0.000;0.000;0.000;0.000;0.339;-58.854;1.000;0.000;0.000;0.000;0.000;0.000;0.000;0.000;0.000;0.000;0.292;0.006;0.000;4.000;0.000;0.000;0.000;0.000;0.000;4.000;0.000;0.000;0.000;0.000;0.000;4.000;0.000;0.000;0.000;0.000;0.000;0.000;0.000;0.000;0.000;0.000;-37.069;0.000;4.000;0.000;0.000;0.000;0.000;0.000;999.000;0.000;0.000;0.000;0.000
21.10.2023 02:33:45.000000;0.000;0.000;0.000;0.000;0.000;0.000;0.000;0.000;0.000;0.000;0.000;0.338;-56.646;1.000;0.000;0.000;0.000;0.000;0.000;0.000;0.000;0.000;0.000;0.337;0.004;0.000;4.000;0.000;0.000;0.000;0.000;0.000;4.000;0.000;0.000;0.000;0.000;0.000;5.000;0.000;0.000;0.000;0.000;0.000;0.000;0.000;0.000;0.000;0.000;-37.068;0.000;4.000;0.000;0.000;0.000;0.000;0.000;999.000;0.000;0.000;0.000;0.000
21.10.2023 02:33:46.000000;0.000;0.000;0.000;0.000;0.000;0.000;0.000;0.000;0.000;0.000;0.000;0.337;-60.094;1.000;0.000;0.000;0.000;0.744;-84.213;1.000;0.000;0.000;0.000;0.257;0.003;0.000;4.000;0.000;0.000;0.000;0.000;0.000;4.000;0.000;0.000;0.000;0.000;0.000;4.000;0.000;0.000;0.000;0.000;0.000;0.000;0.000;0.000;0.000;0.000;-37.068;0.000;4.000;0.000;0.000;0.000;0.000;0.000;999.000;0.000;0.000;0.000;0.000
21.10.2023 02:33:47.000000;0.000;0.000;0.000;0.000;0.000;0.000;0.000;0.000;0.000;0.000;0.000;0.336;-71.936;1.000;0.000;0.000;0.000;0.000;0.000;0.000;0.000;0.000;0.000;0.375;0.003;0.000;4.000;0.000;0.000;0.000;0.000;0.000;4.000;0.000;0.000;0.000;0.000;0.000;4.000;0.000;0.000;0.000;0.000;0.000;0.000;0.000;0.000;0.000;0.000;-37.069;0.000;4.000;0.000;0.000;0.000;0.000;0.000;999.000;0.000;0.000;0.000;0.000
21.10.2023 02:33:48.000000;0.000;0.000;0.000;0.000;0.000;0.000;0.000;0.000;0.000;0.000;0.000;0.336;-70.970;1.000;0.000;0.000;0.000;0.000;0.000;0.000;0.000;0.000;0.000;0.468;0.003;0.000;4.000;0.000;0.000;0.000;0.000;0.000;4.000;0.000;0.000;0.000;0.000;0.000;4.000;0.000;0.000;0.000;0.000;0.000;0.000;0.000;0.000;0.000;0.000;-37.068;0.000;4.000;0.000;0.000;0.000;0.000;0.000;999.000;0.000;0.000;0.000;0.000
21.10.2023 02:33:49.000000;0.000;0.000;0.000;0.000;0.000;0.000;0.000;0.000;0.000;0.000;0.000;0.336;-79.095;1.000;0.000;0.000;0.000;0.594;-85.504;1.000;0.000;0.000;0.000;1.411;0.002;0.000;4.000;0.000;0.000;0.000;0.000;0.000;4.000;0.000;0.000;0.000;0.000;0.000;4.000;0.000;0.000;0.000;0.000;0.000;0.000;0.000;0.000;0.000;0.000;-37.067;0.000;4.000;0.000;0.000;0.000;0.000;0.000;999.000;0.000;0.000;0.000;0.000
21.10.2023 02:33:50.000000;0.000;0.000;0.000;0.000;0.000;0.000;0.000;0.000;0.000;0.000;0.000;0.000;0.000;0.000;0.000;0.000;0.000;0.000;0.000;0.000;0.000;0.000;0.000;0.992;0.002;0.000;4.000;0.000;0.000;0.000;0.000;0.000;4.000;0.000;0.000;0.000;0.000;0.000;4.000;0.000;0.000;0.000;0.000;0.000;0.000;0.000;0.000;0.000;0.000;-37.069;0.000;4.000;0.000;0.000;0.000;0.000;0.000;999.000;0.000;0.000;0.000;0.000
21.10.2023 02:33:51.000000;0.000;0.000;0.000;0.000;0.000;0.000;0.000;0.000;0.000;0.000;0.000;0.000;0.000;0.000;0.460;-30.533;1.000;0.000;0.000;0.000;0.000;0.000;0.000;0.445;0.007;0.000;4.000;0.000;0.000;0.000;0.000;0.000;4.000;0.000;0.000;0.000;0.000;0.000;4.000;0.000;0.000;0.000;0.000;0.000;0.000;0.000;0.000;0.000;0.000;-37.068;0.000;4.000;0.000;0.000;0.000;0.000;0.000;999.000;0.000;0.000;0.000;0.000
21.10.2023 02:33:52.000000;0.000;0.000;0.000;0.000;0.000;0.000;0.000;0.000;0.000;0.000;0.000;0.000;0.000;0.000;0.449;-56.291;1.000;0.000;0.000;0.000;0.000;0.000;0.000;0.498;0.006;0.000;4.000;0.000;0.000;0.000;0.000;0.000;4.000;0.000;0.000;0.000;0.000;0.000;4.000;0.000;0.000;0.000;0.000;0.000;0.000;0.000;0.000;0.000;0.000;-37.067;0.000;4.000;0.000;0.000;0.000;0.000;0.000;999.000;0.000;0.000;0.000;0.000
21.10.2023 02:33:53.000000;0.000;0.000;0.000;0.000;0.000;0.000;0.000;0.000;0.000;0.000;0.000;0.000;0.000;0.000;0.000;0.000;0.000;0.000;0.000;0.000;0.000;0.000;0.000;0.300;0.006;0.000;4.000;0.000;0.000;0.000;0.000;0.000;4.000;0.000;0.000;0.000;0.000;0.000;5.000;0.000;0.000;0.000;0.000;0.000;0.000;0.000;0.000;0.000;0.000;-37.068;0.000;4.000;0.000;0.000;0.000;0.000;0.000;999.000;0.000;0.000;0.000;0.000
21.10.2023 02:33:54.000000;0.000;0.000;0.000;0.000;0.000;0.000;0.000;0.000;0.000;0.000;0.000;0.000;0.000;0.000;0.000;0.000;0.000;0.000;0.000;0.000;0.000;0.000;0.000;0.272;0.004;0.000;4.000;0.000;0.000;0.000;0.000;0.000;4.000;0.000;0.000;0.000;0.000;0.000;5.000;0.000;0.000;0.000;0.000;0.000;0.000;0.000;0.000;0.000;0.000;-37.065;0.000;4.000;0.000;0.000;0.000;0.000;0.000;999.000;0.000;0.000;0.000;0.000
21.10.2023 02:33:55.000000;0.000;0.000;0.000;0.000;0.000;0.000;0.000;0.000;0.000;0.000;0.000;0.000;0.000;0.000;0.000;0.000;0.000;0.000;0.000;0.000;0.000;0.000;0.000;0.271;0.007;0.000;4.000;0.000;0.000;0.000;0.000;0.000;4.000;0.000;0.000;0.000;0.000;0.000;5.000;0.000;0.000;0.000;0.000;0.000;0.000;0.000;0.000;0.000;0.000;-37.062;0.000;4.000;0.000;0.000;0.000;0.000;0.000;999.000;0.000;0.000;0.000;0.000
21.10.2023 02:33:56.000000;0.000;0.000;0.000;0.000;0.000;0.000;0.000;0.000;0.000;0.000;0.000;0.000;0.000;0.000;0.000;0.000;0.000;0.000;0.000;0.000;0.000;0.000;0.000;0.367;0.006;0.000;4.000;0.000;0.000;0.000;0.000;0.000;4.000;0.000;0.000;0.000;0.000;0.000;5.000;0.000;0.000;0.000;0.000;0.000;0.000;0.000;0.000;0.000;0.000;-37.062;0.000;4.000;0.000;0.000;0.000;0.000;0.000;999.000;0.000;0.000;0.000;0.000
21.10.2023 02:33:57.000000;0.000;0.000;0.000;0.000;0.000;0.000;0.000;0.000;0.000;0.000;0.000;0.000;0.000;0.000;0.000;0.000;0.000;0.000;0.000;0.000;0.000;0.000;0.000;0.364;0.008;0.000;4.000;0.000;0.000;0.000;0.000;0.000;4.000;0.000;0.000;0.000;0.000;0.000;5.000;0.000;0.000;0.000;0.000;0.000;0.000;0.000;0.000;0.000;0.000;-37.060;0.000;4.000;0.000;0.000;0.000;0.000;0.000;999.000;0.000;0.000;0.000;0.000
21.10.2023 02:33:58.000000;0.000;0.000;0.000;0.000;0.000;0.000;0.000;0.000;0.000;0.000;0.000;0.000;0.000;0.000;0.000;0.000;0.000;0.000;0.000;0.000;0.000;0.000;0.000;0.403;0.008;0.000;4.000;0.000;0.000;0.000;0.000;0.000;4.000;0.000;0.000;0.000;0.000;0.000;5.000;0.000;0.000;0.000;0.000;0.000;0.000;0.000;0.000;0.000;0.000;-37.059;0.000;4.000;0.000;0.000;0.000;0.000;0.000;999.000;0.000;0.000;0.000;0.000
21.10.2023 02:33:59.000000;0.000;0.000;0.000;0.000;0.000;0.000;0.000;0.000;0.000;0.000;0.000;0.000;0.000;0.000;0.000;0.000;0.000;0.000;0.000;0.000;0.000;0.000;0.000;0.254;0.007;0.000;4.000;0.000;0.000;0.000;0.000;0.000;4.000;0.000;0.000;0.000;0.000;0.000;4.000;0.000;0.000;0.000;0.000;0.000;0.000;0.000;0.000;0.000;0.000;-37.059;0.000;4.000;0.000;0.000;0.000;0.000;0.000;999.000;0.000;0.000;0.000;0.000
21.10.2023 02:34:00.000000;0.000;0.000;0.000;0.000;0.000;0.000;0.000;0.000;0.000;0.000;0.000;0.350;-15.421;1.000;0.000;0.000;0.000;0.000;0.000;0.000;0.000;0.000;0.000;0.345;0.006;0.000;4.000;0.000;0.000;0.000;0.000;0.000;4.000;0.000;0.000;0.000;0.000;0.000;5.000;0.000;0.000;0.000;0.000;0.000;0.000;0.000;0.000;0.000;0.000;-37.058;0.000;4.000;0.000;0.000;0.000;0.000;0.000;999.000;0.000;0.000;0.000;0.000
