TimeUTC;ГГ №1(СвГЭС-3), DEF, Дж[07060509/DEF/none/none];ГГ №1(СвГЭС-3), DEF_P, Дж[07060509/DEF_P/none/none];ГГ №1(СвГЭС-3), DEF_Q, Дж[07060509/DEF_Q/none/none];ГГ №1(СвГЭС-3), def_P_amp, Вт[07060509/def_P_amp/none/none];ГГ №1(СвГЭС-3), def_P_freq, Гц[07060509/def_P_freq/none/none];ГГ №1(СвГЭС-3), def_Q_amp, ВАр[07060509/def_Q_amp/none/none];ГГ №1(СвГЭС-3), def_Q_freq, Гц[07060509/def_Q_freq/none/none];ГГ №2(СвГЭС-3), DEF, Дж[07060609/DEF/none/none];ГГ №2(СвГЭС-3), DEF_P, Дж[07060609/DEF_P/none/none];ГГ №2(СвГЭС-3), DEF_Q, Дж[07060609/DEF_Q/none/none];ГГ №2(СвГЭС-3), def_P_amp, Вт[07060609/def_P_amp/none/none];ГГ №2(СвГЭС-3), def_P_freq, Гц[07060609/def_P_freq/none/none];ГГ №2(СвГЭС-3), def_Q_amp, ВАр[07060609/def_Q_amp/none/none];ГГ №2(СвГЭС-3), def_Q_freq, Гц[07060609/def_Q_freq/none/none];ГГ №3(СвГЭС-3), DEF, Дж[07060709/DEF/none/none];ГГ №3(СвГЭС-3), DEF_P, Дж[07060709/DEF_P/none/none];ГГ №3(СвГЭС-3), DEF_Q, Дж[07060709/DEF_Q/none/none];ГГ №3(СвГЭС-3), def_P_amp, Вт[07060709/def_P_amp/none/none];ГГ №3(СвГЭС-3), def_P_freq, Гц[07060709/def_P_freq/none/none];ГГ №3(СвГЭС-3), def_Q_amp, ВАр[07060709/def_Q_amp/none/none];ГГ №3(СвГЭС-3), def_Q_freq, Гц[07060709/def_Q_freq/none/none]
21.10.2023 02:30:21.000000;;;;0;0;0;0;;;;0;0;0;0;;;;0;0;0;0
21.10.2023 02:30:22.000000;;;;0;0;0;0;;;;0;0;0;0;;;;0;0;0;0
21.10.2023 02:30:23.000000;;;;0;0;0;0;;;;0;0;0;0;;;;0;0;0;0
21.10.2023 02:30:24.000000;;;;0;0;0;0;;;;0;0;0;0;;;;0;0;0;0
21.10.2023 02:30:25.000000;;;;0;0;0;0;;;;0;0;0;0;;;;0;0;0;0
21.10.2023 02:30:26.000000;;;;156566,921875;2,006817102432251;262815,09375;2,006817102432251;;;;103736,2578125;2,006817102432251;258275,78125;2,006817102432251;;;;134454,328125;2,006817102432251;74577,34375;2,006817102432251
21.10.2023 02:30:27.000000;;;;225542,25;0,9797350764274597;264380,4375;0,9797350764274597;;;;186495,34375;0,9797350764274597;377525,125;2,006817102432251;;;;239648,34375;0,9797350764274597;112990,203125;0,9797350764274597
21.10.2023 02:30:28.000000;;;;307785,6875;0,9967637062072754;463082,125;0,9967637062072754;;;;251777,703125;0,9967637062072754;645605,625;0,9797350764274597;;;;264312,96875;0,9967637062072754;227093,0625;0,9967637062072754
21.10.2023 02:30:29.000000;;;;303176,8125;0,9967637062072754;581420,75;0,9967637062072754;;;;307663,6875;0,9967637062072754;474976,03125;0,9967637062072754;;;;222396,375;0,9967637062072754;318489,84375;0,9967637062072754
21.10.2023 02:30:30.000000;;;;0;0;0;0;;;;0;0;96792,3046875;0,9967637062072754;;;;0;0;0;0
21.10.2023 02:30:31.000000;;;;0;0;0;0;;;;0;0;0;0;;;;0;0;0;0
21.10.2023 02:30:32.000000;;;;0;0;0;0;;;;0;0;0;0;;;;0;0;0;0
21.10.2023 02:30:33.000000;;;;0;0;0;0;;;;0;0;0;0;;;;0;0;0;0
21.10.2023 02:30:34.000000;;;;0;0;0;0;;;;0;0;0;0;;;;0;0;0;0
21.10.2023 02:30:35.000000;;;;0;0;0;0;-2793,625732421875;-564,0758666992188;-2229,5498046875;0;0;0;0;-191,10330200195312;-34,8913459777832;-156,2119598388672;0;0;0;0
21.10.2023 02:30:36.000000;-9316,4306640625;-8750,3837890625;-566,0471801757812;0;0;0;0;-12242,7978515625;-11248,609375;-994,1886596679688;0;0;0;0;-7516,9794921875;-7951,16455078125;434,1847229003906;0;0;0;0
21.10.2023 02:30:37.000000;11590,0712890625;12502,302734375;-912,2308349609375;653171,75;0,9760304093360901;756066,6875;0,9760304093360901;18507,1328125;18610,845703125;-103,7118911743164;678132,9375;0,9760304093360901;185025;0,9760304093360901;18854,240234375;19079,025390625;-224,7850341796875;706176,5625;0,9760304093360901;60500,09765625;0,9760304093360901
21.10.2023 02:30:38.000000;-40931,890625;-34848,5703125;-6083,322265625;216928,53125;0,9760304093360901;188971,59375;0,9760304093360901;-28434,712890625;-27597,998046875;-836,7139282226562;208475,203125;0,9760304093360901;40913,07421875;0,9760304093360901;-28061,6328125;-26967,828125;-1093,8056640625;158797,359375;0,9760304093360901;42433,22265625;0,9760304093360901
21.10.2023 02:30:39.000000;-14718,1748046875;-684,2654418945312;-14033,9091796875;514755,78125;0,9794642329216003;237075,09375;0,9794642329216003;6028,8095703125;9254,802734375;-3225,992919921875;539698,5625;0,9794642329216003;234276,53125;0,9760304093360901;-2521,24267578125;1918,108154296875;-4439,35107421875;497990,4375;0,9794642329216003;409086,25;0,9794642329216003
21.10.2023 02:30:40.000000;4276,38671875;27353,279296875;-23076,892578125;433466,375;0,9794864654541016;813607,0625;0,9794864654541016;37618,70703125;41393,26953125;-3774,562744140625;505118,9375;0,9794864654541016;115033,015625;0,9794642329216003;35857,4140625;40136,97265625;-4279,55810546875;510301,53125;0,9794864654541016;218926,796875;0,9794864654541016
21.10.2023 02:30:41.000000;-20342,341796875;6979,90869140625;-27322,251953125;211151,40625;0,9935317635536194;319355,1875;0,9935317635536194;18822,22265625;21481,931640625;-2659,71044921875;226808,84375;0,9935317635536194;261538,5625;0,9794864654541016;23301,58203125;28721,208984375;-5419,62646484375;187341,9375;0,9935317635536194;115773,484375;0,9935317635536194
21.10.2023 02:30:42.000000;-78827,765625;-42226,83203125;-36600,9375;403278,53125;2,1309664249420166;570400;2,1309664249420166;-6229,1162109375;-4325,02197265625;-1904,0943603515625;164549,71875;0,9831928014755249;110858,921875;0,9935317635536194;-30566,265625;-23861,53125;-6704,73583984375;404049,1875;2,1309664249420166;20420,712890625;2,1309664249420166
21.10.2023 02:30:43.000000;-82643,953125;-35089,10546875;-47554,84765625;140832,984375;2,1310248374938965;340321,53125;2,1310248374938965;21193,27734375;22367,298828125;-1174,0216064453125;104943,515625;2,012148857116699;26561,552734375;0,9831928014755249;-46593,9296875;-39317,6796875;-7276,2529296875;161741,171875;2,1310248374938965;72671,7578125;2,1310248374938965
21.10.2023 02:30:44.000000;-41011,16796875;12248,6455078125;-53259,8125;108682,1875;2,1310436725616455;36277,98046875;2,1310436725616455;74429,484375;75273,2578125;-843,7747192382812;279363,0625;0,9840810298919678;109144,25;2,012148857116699;-26303,671875;-20313,740234375;-5989,93212890625;63450,69921875;2,1310436725616455;42677,51953125;2,1310436725616455
21.10.2023 02:30:45.000000;-100084,984375;-43876,91015625;-56208,0703125;178547,40625;0,9840810298919678;85870,2890625;0,9840810298919678;103861,7578125;105122,703125;-1260,9453125;228885,015625;0,9840810298919678;29979,048828125;0,9840810298919678;-42020,46484375;-36552,36328125;-5468,10107421875;323256,84375;0,9840810298919678;237962,921875;0,9840810298919678
21.10.2023 02:30:46.000000;-133197,375;-71484,3046875;-61713,06640625;0;0;0;0;47053,48046875;48347,7265625;-1294,244140625;0;0;62816,7734375;0,9840810298919678;-43727,94921875;-38385,94140625;-5342,0087890625;0;0;0;0
21.10.2023 02:30:47.000000;-129684,9140625;-63629,3203125;-66055,59375;0;0;0;0;19293,099609375;20616,9453125;-1323,846435546875;0;0;0;0;-46155,65625;-41587,5;-4568,15478515625;0;0;0;0
21.10.2023 02:30:48.000000;-110535,8203125;-39846,26171875;-70689,5625;0;0;0;0;49637,83984375;51835,0234375;-2197,183349609375;0;0;0;0;-25621,2421875;-19782,796875;-5838,44482421875;0;0;0;0
21.10.2023 02:30:49.000000;-114305,5546875;-39727,40625;-74578,1484375;0;0;0;0;95760,9921875;97212,25;-1451,250732421875;0;0;0;0;11599,267578125;17969,41015625;-6370,1416015625;0;0;0;0
21.10.2023 02:30:50.000000;-144075,6875;-64924,64453125;-79151,0390625;0;0;0;0;76199,9375;77514,625;-1314,69140625;0;0;0;0;-12566,6005859375;-5640,1494140625;-6926,45068359375;0;0;206851,59375;0,3389665484428406
21.10.2023 02:30:51.000000;-137582,328125;-52379,36328125;-85202,9609375;1210723,75;0,3389665484428406;1528824,875;0,3672030568122864;74735,8046875;76133,203125;-1397,39892578125;1260682,625;0,3530848026275635;389667,40625;0,3389665484428406;16953,283203125;24650,9453125;-7697,6630859375;1255217,75;0,3389665484428406;319143,625;0,3389665484428406
21.10.2023 02:30:52.000000;-131256,34375;-39046,36328125;-92209,984375;1198412,25;0,3672030568122864;1523166,625;0,3652653694152832;111020,1796875;111679,2421875;-659,0601806640625;1221454,375;0,36589837074279785;315417,625;0,36589837074279785;53163,79296875;61900,34765625;-8736,556640625;1257426,375;0,3464397192001343;188116,234375;0,3671279549598694
21.10.2023 02:30:53.000000;-164715,453125;-64130,76171875;-100584,6953125;1881802,625;0,3585865795612335;1378521,375;0,3585865795612335;97607,7890625;97607,875;-0,08538135141134262;1986800,25;0,3618224263191223;27224,01953125;0,3618224263191223;22186,3125;31574,775390625;-9388,462890625;1969854;0,3671279549598694;150097,84375;0,3893413841724396
21.10.2023 02:30:54.000000;-175458,453125;-70961,0546875;-104497,40625;1398294,875;0,3597133755683899;1469374;0,3597133755683899;58255,296875;58060,6953125;194,6005401611328;312806,65625;0,7252758145332336;318095,96875;0,389478862285614;-47059,76953125;-36622,96875;-10436,7998046875;1548480,25;0,3893413841724396;411265,5;0,38847485184669495
21.10.2023 02:30:55.000000;-192800,1875;-80957,28125;-111842,8984375;1492664,5;0,3597707152366638;2029640,875;0,3597707152366638;46424,515625;45364,4453125;1060,0687255859375;531162;0,6582116484642029;717693,6875;0,7252758145332336;-64010,49609375;-52215,6953125;-11794,7978515625;1613254,25;0,38847485184669495;329742,53125;0,38684478402137756
21.10.2023 02:30:56.000000;-181938,578125;-58512,57421875;-123426,0078125;1734841,75;0,3761011064052582;2123087,25;0,3761011064052582;83352,7109375;81301,1484375;2051,561767578125;259273,8125;0,7259058356285095;592049,5625;0,6582116484642029;-23408,025390625;-11005,3017578125;-12402,7236328125;1813100;0,38684478402137756;256658,359375;0,37806540727615356
21.10.2023 02:30:57.000000;-203146,296875;-74932,40625;-128213,8984375;1818011,375;0,37553730607032776;2035751,625;0,37553730607032776;56391,07421875;55294,25;1096,822265625;191746,515625;0,7443727850914001;467236,5625;0,7259058356285095;-56304,05859375;-43666,140625;-12637,91796875;1880336,5;0,37806540727615356;483426,78125;0,37766775488853455
21.10.2023 02:30:58.000000;-280975,84375;-152285,296875;-128690,546875;1809920,75;0,3749224543571472;2227405;0,3749224543571472;-4733,33740234375;-6133,32470703125;1399,9873046875;203973,296875;0,7475060224533081;437299,375;0,7443727850914001;-131901,078125;-117722,0859375;-14178,98828125;1843051,625;0,37766775488853455;421164,53125;0,383009135723114
21.10.2023 02:30:59.000000;-214774,625;-75680,765625;-139093,859375;1793818,625;0,37558287382125854;2038220,75;0,37558287382125854;66419,4375;68950,640625;-2531,197998046875;168911,78125;0,750597357749939;334504,96875;0,7475060224533081;-42442,109375;-26027,9375;-16414,169921875;1840096,5;0,383009135723114;406249,65625;0,3829074501991272
21.10.2023 02:31:00.000000;-168111,609375;-17018,43359375;-151093,171875;1726773,375;0,3843558430671692;1986275,625;0,3843558430671692;106712,96875;109438,9921875;-2726,0263671875;471923,6875;0,9895787835121155;84183,3359375;0,750597357749939;30198,330078125;46834,34375;-16636,01171875;1769743,375;0,3829074501991272;377329,34375;0,38253411650657654
21.10.2023 02:31:01.000000;-182428;-25049,859375;-157378,140625;1630801,75;0,383882075548172;1891275,875;0,383882075548172;102321,1796875;105035,140625;-2713,96337890625;301498,84375;0,7558342814445496;80630,1171875;0,9895787835121155;30024,3671875;46555,87890625;-16531,51171875;1686298,625;0,38253411650657654;364227,34375;0,36699190735816956
21.10.2023 02:31:02.000000;-223258,25;-57543,69140625;-165714,546875;1590950,5;0,3831760883331299;1920556;0,3831760883331299;71529,203125;74768,2109375;-3239,00830078125;187527,6875;0,982309103012085;125316,9453125;0,7558342814445496;-13312,6630859375;3781,582763671875;-17094,24609375;1624355,375;0,36699190735816956;299611,46875;0,34915271401405334
21.10.2023 02:31:03.000000;-216498,125;-38042,7421875;-178455,375;1410690,375;0,3674291968345642;1918659,75;0,3674291968345642;87402,296875;92155,0390625;-4752,73876953125;1502738,25;0,34158846735954285;271174,15625;0,982309103012085;6315,87548828125;24258,02734375;-17942,15234375;1471205,125;0,34915271401405334;387085,21875;0,355152428150177
21.10.2023 02:31:04.000000;-202989,75;-13404,8662109375;-189584,875;1434633,875;0,3625931143760681;1418618,875;0,3625931143760681;106590,328125;110445,296875;-3854,96484375;116840,3515625;0,7444955110549927;411052,46875;0,34158846735954285;24784,337890625;41678,47265625;-16894,134765625;1522853;0,355152428150177;266157,40625;0,35287773609161377
21.10.2023 02:31:05.000000;-213483,203125;-18651,015625;-194832,1875;1311136;0,3434365391731262;1756352,125;0,3434365391731262;108000,9140625;111287,3828125;-3286,473876953125;410453,15625;0,744552731513977;567037,5625;0,7444955110549927;14935,3544921875;32181,48046875;-17246,125;1382420,875;0,35287773609161377;218327,296875;0,34855708479881287
21.10.2023 02:31:06.000000;-231619,828125;-30080,6953125;-201539,140625;1181723,75;0,331136554479599;1426753,875;0,331136554479599;55291,5234375;58204,734375;-2913,212890625;94448,1640625;0,7434421181678772;278251,84375;0,744552731513977;-12932,9853515625;4295,1171875;-17228,103515625;1240247,625;0,34855708479881287;224362,484375;0,356646329164505
21.10.2023 02:31:07.000000;-262327,6875;-55805,9140625;-206521,78125;1017267,8125;0,35514524579048157;1165071,75;0,35514524579048157;33003,09765625;36671,93359375;-3668,835205078125;151921,640625;1,0084033012390137;23715,375;0,7434421181678772;17498,58203125;34670,296875;-17171,71484375;1072024,375;0,356646329164505;154994,828125;0,3508663475513458
21.10.2023 02:31:08.000000;-276968,25;-65874,828125;-211093,421875;969754;0,3546944558620453;565885,125;0,3546944558620453;40448,5078125;44164,3125;-3715,803466796875;220210,1875;1,0233091115951538;279884,96875;1,0084033012390137;51510,484375;68614,03125;-17103,546875;1039649,75;0,3508663475513458;103760,453125;0,35324805974960327
21.10.2023 02:31:09.000000;-220416,84375;-8176,83203125;-212240,015625;381586,75;0,7254133224487305;198517,890625;0,7254133224487305;33052,82421875;36678,984375;-3626,16259765625;566684,6875;1,0274689197540283;147610,796875;1,0233091115951538;19009,876953125;36569,7890625;-17559,91015625;1033659,6875;0,35324805974960327;169231,8125;0,36248978972435
21.10.2023 02:31:10.000000;-188153,734375;24648,955078125;-212802,6875;951299,125;0,35381898283958435;793845,25;0,35381898283958435;22629,01953125;26314,607421875;-3685,588134765625;417216,90625;0,727523148059845;135419,1875;1,0274689197540283;37,03171157836914;17799,21875;-17762,1875;1048549,5;0,36248978972435;135454,375;0,36155977845191956
21.10.2023 02:31:11.000000;-191361,34375;21691,755859375;-213053,109375;983501,6875;0,3590002954006195;993291,5;0,3590002954006195;-5030,69091796875;-1197,2386474609375;-3833,451904296875;322588,46875;0,7428860068321228;105248,4609375;0,727523148059845;-24384,806640625;-6536,2470703125;-17848,55859375;1039006,375;0,36155977845191956;95818,625;0,38010889291763306
21.10.2023 02:31:12.000000;-184116,921875;31609,751953125;-215726,671875;963731,3125;0,37259116768836975;1232821,5;0,37259116768836975;-6116,72705078125;-1876,7232666015625;-4240,00390625;430533,96875;0,7458540201187134;380896,5;0,7428860068321228;-40174,7734375;-22378,197265625;-17796,576171875;973533,125;0,38010889291763306;473080,4375;0,385087788105011
21.10.2023 02:31:13.000000;-188723,4375;29818,33203125;-218541,765625;883882,4375;0,3721707761287689;1297805,875;0,3721707761287689;7939,68408203125;12084,3759765625;-4144,6923828125;158694,921875;0,9785481691360474;192504,671875;0,7458540201187134;-43484,76953125;-26417,16796875;-17067,603515625;919660,3125;0,385087788105011;368305,46875;0,3820231258869171
21.10.2023 02:31:14.000000;-257704,09375;-31845,6875;-225858,40625;1082843,5;0,3750420808792114;1159936;0,3750420808792114;-40541,9765625;-36756,51171875;-3785,4638671875;130744,046875;0,9917751550674438;180516,75;0,9785481691360474;-128313,0078125;-110859,3671875;-17453,642578125;1096860,5;0,3820231258869171;209063,640625;0,39178982377052307
21.10.2023 02:31:15.000000;-274241,5;-52133,12890625;-222108,375;1038538,875;0,3781992495059967;964370,6875;0,3781992495059967;-120236,1640625;-117382,375;-2853,789794921875;623571,25;1,0085393190383911;184858,703125;0,9917751550674438;-112324,5390625;-94079,3671875;-18245,173828125;1020943,75;0,39178982377052307;223882,640625;0,3770033121109009
21.10.2023 02:31:16.000000;-242905,015625;-22719,103515625;-220185,921875;975676,0625;0,37997370958328247;1295832,375;0,37997370958328247;-102997,234375;-100423,0703125;-2574,164306640625;299379,5625;1,009518027305603;109256,8515625;1,0085393190383911;-48918,26953125;-30617,32421875;-18300,9453125;999447,5;0,3770033121109009;406481,65625;0,38399943709373474
21.10.2023 02:31:17.000000;-220403,484375;2267,49365234375;-222670,96875;1172706,125;0,3982163965702057;1356928,875;0,3982163965702057;-75694,1015625;-71734,2421875;-3959,85791015625;75450,2734375;1,0103868246078491;309895,71875;1,009518027305603;-58144,6640625;-38237,2421875;-19907,421875;1217658,375;0,38399943709373474;401284,34375;0,37929674983024597
21.10.2023 02:31:18.000000;-174586,28125;49608,25390625;-224194,53125;1346621,375;0,3779342472553253;1458646,625;0,3779342472553253;-24767,6796875;-19877,70703125;-4889,97412109375;815828,9375;1,011296033859253;255671;1,0103868246078491;-15954,4990234375;4407,62939453125;-20362,12890625;1419870,875;0,37929674983024597;338613,5;0,37332838773727417
21.10.2023 02:31:19.000000;-126890,5234375;98288;-225178,515625;1311800,5;0,37215059995651245;1448653,5;0,37215059995651245;47486,7421875;52578,2890625;-5091,546875;378064,46875;0,9908985495567322;351882,03125;1,011296033859253;35397,00390625;55847,36328125;-20450,357421875;1373473,125;0,37332838773727417;343230,4375;0,36711937189102173
21.10.2023 02:31:20.000000;-215682,953125;11364,2197265625;-227047,171875;1474349,125;0,3659040629863739;1662730;0,3659040629863739;-43758,875;-39696,2265625;-4062,6494140625;320814,09375;0,9893977046012878;524894,25;0,9908985495567322;-45641,4765625;-23713,83203125;-21927,646484375;1522577;0,36711937189102173;449784,59375;0,3407566547393799
21.10.2023 02:31:21.000000;-169306,15625;66028,7578125;-235334,921875;1638608,75;0,35982805490493774;1715672,5;0,35982805490493774;20397,76953125;26690,9609375;-6293,19140625;690542,9375;0,9989963173866272;95646,390625;0,9893977046012878;58087,3125;80399,6640625;-22312,349609375;1665568,5;0,3407566547393799;459540,96875;0,3255141079425812
21.10.2023 02:31:22.000000;-239541,765625;-5584,32666015625;-233957,4375;1547246,25;0,3251342475414276;2209775,25;0,3251342475414276;-12224,06640625;-5158,66552734375;-7065,4013671875;372622,59375;0,9979349374771118;183884,875;0,9989963173866272;16019,1328125;39402,4921875;-23383,361328125;1578985,5;0,3255141079425812;512520,8125;0,3208884000778198
21.10.2023 02:31:23.000000;-164855,28125;81066,59375;-245921,875;1702055,5;0,3202589154243469;2031249,75;0,3202589154243469;75143,8671875;84361,8828125;-9218,0126953125;629000,5625;0,9971093535423279;59292,375;0,9979349374771118;98619,3203125;124609,34375;-25990,01953125;1727295,5;0,3208884000778198;585737,625;0,3310566842556
21.10.2023 02:31:24.000000;-220282,9375;33163,62890625;-253446,5625;1767769,75;0,3286055326461792;2334564,25;0,3286055326461792;13361,728515625;22765,021484375;-9403,29296875;533888,1875;0,9889489412307739;299146,6875;0,9971093535423279;60240,02734375;85708,7109375;-25468,68359375;1811430,625;0,3310566842556;587645,3125;0,3333178162574768
21.10.2023 02:31:25.000000;-327702,40625;-64627,9375;-263074,46875;1811318,625;0,33096182346343994;2498366,75;0,33096182346343994;-77766,3046875;-66243,765625;-11522,5361328125;434966,59375;0,9959057569503784;494544,1875;0,9889489412307739;-42117,046875;-15377,353515625;-26739,693359375;1864010,75;0,3333178162574768;591352,9375;0,34333300590515137
21.10.2023 02:31:26.000000;-320574,90625;-37674,078125;-282900,84375;1846629,25;0,3326781094074249;2483203,25;0,3326781094074249;-53830,90625;-39308,2890625;-14522,615234375;654276,1875;0,9959057569503784;32842,62109375;0,9959057569503784;-18324,830078125;10936,947265625;-29261,77734375;1928891,5;0,34333300590515137;742761,0625;0,3269517719745636
21.10.2023 02:31:27.000000;-316577,90625;-18459,880859375;-298118,03125;1969836,875;0,33316919207572937;2383277;0,33316919207572937;22270,0703125;38627,4453125;-16357,373046875;739156,4375;0,9938335418701172;132170,796875;0,9959057569503784;79777,8828125;107901,515625;-28123,630859375;2054634,625;0,3269517719745636;574898,75;0,33282098174095154
21.10.2023 02:31:28.000000;-418816,1875;-115426,4609375;-303389,71875;1916647,5;0,3259388208389282;2516903;0,3259388208389282;-40821,0859375;-23102,99609375;-17718,08984375;396899,71875;0,9930771589279175;99774,8671875;0,9938335418701172;-11303,2177734375;18307,029296875;-29610,24609375;2058080,25;0,33282098174095154;404219,90625;0,3152713477611542
21.10.2023 02:31:29.000000;-490565;-169914,609375;-320650,375;2166482,25;0,31494516134262085;2209008,5;0,31494516134262085;-12190,451171875;5141,41162109375;-17331,86328125;608508,5625;0,9922925233840942;403333,34375;0,9930771589279175;-30604,015625;3575,14453125;-34179,16015625;2227018,25;0,3152713477611542;655889,75;0,3150712251663208
21.10.2023 02:31:30.000000;-617756;-276483,25;-341272,78125;2181866;0,29940900206565857;2641217,25;0,29940900206565857;-47716,515625;-34282,48046875;-13434,0361328125;799169,4375;0,9982491135597229;193205,84375;0,9922925233840942;-88681,75;-53802,484375;-34879,265625;2385007;0,3150712251663208;488954,3125;0,3153700530529022
21.10.2023 02:31:31.000000;-656168,9375;-304820,3125;-351348,625;2092207;0,3115658462047577;2581858,75;0,3115658462047577;-103327,1796875;-90033,8984375;-13293,2802734375;428226,625;0,9982491135597229;183417,609375;0,9982491135597229;-183610,34375;-149642,25;-33968,09375;2201354,25;0,3153700530529022;532382,5625;0,3218345642089844
21.10.2023 02:31:32.000000;-625382,3125;-267645,96875;-357736,34375;2168848,75;0,2996954619884491;2308962,25;0,2996954619884491;-82375,578125;-67523,6875;-14851,890625;2146746,5;0,32143738865852356;539278,5625;0,9982491135597229;-241758,03125;-206985,09375;-34772,9375;2197487,5;0,3218345642089844;507896,6875;0,33457180857658386
21.10.2023 02:31:33.000000;-721326,125;-342774,78125;-378551,34375;2209755,75;0,31297504901885986;2418342,25;0,31297504901885986;57750,86328125;71090,640625;-13339,7744140625;2171562;0,340230256319046;575270,375;0,340230256319046;-114232,4140625;-79203,7578125;-35028,65625;2247279,75;0,33457180857658386;488169,40625;0,3382427394390106
21.10.2023 02:31:34.000000;-837649;-447248,875;-390400,15625;1862133,25;0,31173768639564514;2447338;0,31173768639564514;125050;139111,328125;-14061,333984375;2030093,875;0,338503360748291;267808,1875;0,338503360748291;-48558,4453125;-15249,7841796875;-33308,6640625;2064422,5;0,3382427394390106;643544,9375;0,33610454201698303
21.10.2023 02:31:35.000000;-915447,9375;-517733,6875;-397714,25;1584667,25;0,3175227642059326;2138975;0,3175227642059326;77244,65625;91581,1015625;-14336,4453125;1724647,5;0,3424643874168396;551043,6875;0,3424643874168396;-97746,453125;-64392,23046875;-33354,22265625;1750475;0,33610454201698303;302235,96875;0,3496916890144348
21.10.2023 02:31:36.000000;-812374,1875;-411479,96875;-400894,25;1385885,5;0,3235347867012024;1789761,625;0,3235347867012024;85396,8984375;97323,015625;-11926,1123046875;1319447,625;0,3462997376918793;365850,65625;0,3462997376918793;-8900,8955078125;25084,21875;-33985,11328125;1368705;0,3496916890144348;299260,8125;0,35183995962142944
21.10.2023 02:31:37.000000;-703309,3125;-301819,15625;-401490,125;1335269,875;0,3297410309314728;1551067,125;0,3297410309314728;137360,109375;149638,203125;-12278,09375;1185706;0,3519873023033142;332808,53125;0,3519873023033142;110583,2890625;142875,53125;-32292,23828125;1229102,75;0,35183995962142944;334022,15625;0,3540535271167755
21.10.2023 02:31:38.000000;-664114,375;-263906,90625;-400207,5;1227490,75;0,34584882855415344;1276711,125;0,34584882855415344;192127,3125;205384,359375;-13257,060546875;195549,90625;1,9873405694961548;196724,640625;0,35415104031562805;91239,890625;123673,5546875;-32433,66015625;1400645,875;0,3540535271167755;150579,984375;0,3559681177139282
21.10.2023 02:31:39.000000;-630683,25;-230120,34375;-400562,9375;1201726,375;0,3473759889602661;1017060,625;0,3542804718017578;224707,171875;238369,765625;-13662,58984375;757210,125;1,4534977674484253;29711,837890625;1,9873405694961548;65675,8671875;98552;-32876,1328125;1313622,625;0,3559681177139282;164994,984375;0,35741257667541504
21.10.2023 02:31:40.000000;-640196,9375;-238741,390625;-401455,53125;1238073,375;0,3542804718017578;1153165,75;0,35000553727149963;266365,9375;280010,90625;-13644,99609375;447547,4375;0,6854490637779236;209034,203125;1,4534977674484253;105693,34375;138730,328125;-33036,98046875;1299228,125;0,35741257667541504;224251,28125;0,359100878238678
21.10.2023 02:31:41.000000;-675866,375;-269690;-406176,375;1449064,25;0,35000553727149963;1249175,25;0,3489578366279602;246317,734375;261942,21875;-15624,48046875;1436978,75;0,32136431336402893;391054,9375;0,6854490637779236;80249,4296875;114294,2734375;-34044,83984375;1488745,875;0,359100878238678;413145,59375;0,3538982570171356
21.10.2023 02:31:42.000000;-631022;-218748,203125;-412273,78125;1524919,875;0,3489578366279602;1706312;0,3476901650428772;293967,1875;310257,0625;-16289,8544921875;1538996;0,32669150829315186;420655,59375;0,32136431336402893;121668,6171875;155825,375;-34156,7578125;1592470,375;0,3538982570171356;661759,375;0,35428735613822937
21.10.2023 02:31:43.000000;-658701,4375;-245052,453125;-413649;1502702,125;0,3476901650428772;1728621,875;0,34073498845100403;297956,34375;314679,46875;-16723,13671875;1414642,625;0,31390419602394104;217596,78125;0,32669150829315186;120011,0234375;154298,125;-34287,109375;1565453,25;0,35428735613822937;606919,125;0,3551441729068756
21.10.2023 02:31:44.000000;-704024,25;-283155,125;-420869,125;1516029,75;0,34073498845100403;1715136,5;0,33989253640174866;374879,25;394137,65625;-19258,412109375;1579465;0,29618456959724426;711871,875;0,31390419602394104;202269,28125;233964,15625;-31694,87109375;1571219,25;0,3551441729068756;310657,25;0,3572612404823303
21.10.2023 02:31:45.000000;-700817,5;-269461,46875;-431356,0625;1645153,25;0,33989253640174866;1837336,75;0,34041091799736023;471147,0625;490592,34375;-19445,279296875;1471416,75;0,2906823754310608;445967,34375;0,29618456959724426;324349,21875;355242,78125;-30893,572265625;1565976,75;0,3572612404823303;609944;0,35897743701934814
21.10.2023 02:31:46.000000;-743881,75;-307649,1875;-436232,5625;1493857;0,34041091799736023;1820952,375;0,34591928124427795;431842,59375;451280,96875;-19438,3984375;1319034,625;0,29076847434043884;384344,90625;0,2906823754310608;468461,84375;499409,875;-30948,02734375;1549396,625;0,35897743701934814;513223,5625;0,3592679500579834
21.10.2023 02:31:47.000000;-806152,5;-362600,28125;-443552,21875;1554581,875;0,34591928124427795;1774729,625;0,34489351511001587;384204,65625;404356,6875;-20152,03125;1593838,5;0,2938208281993866;356320,75;0,29076847434043884;417987,90625;450039,21875;-32051,314453125;1622239,75;0,3592679500579834;376421,28125;0,3480171859264374
21.10.2023 02:31:48.000000;-795797,4375;-339611,34375;-456186,09375;1736740,375;0,34489351511001587;1660208,625;0,33530786633491516;413726,4375;435145,875;-21419,46484375;1726401,125;0,3180995285511017;214349,265625;0,2938208281993866;443259,71875;476898,875;-33639,13671875;1779967,5;0,3480171859264374;576344,875;0,36769911646842957
21.10.2023 02:31:49.000000;-818662,125;-355893,09375;-462769;1766655,875;0,33530786633491516;2283083,25;0,34230831265449524;467028,875;487252,90625;-20224,033203125;1697819,875;0,3209673762321472;614584,125;0,3180995285511017;491438,40625;525538,4375;-34100,0078125;1905963,25;0,36769911646842957;448754,84375;0,354075163602829
21.10.2023 02:31:50.000000;-886026,625;-415054,84375;-470971,78125;1762929,875;0,34230831265449524;1992678;0,341187983751297;382902,34375;404333,5625;-21431,2109375;1710692,5;0,3256560266017914;335440,34375;0,3209673762321472;413654,5;449300,09375;-35645,59765625;1878325,625;0,354075163602829;429894,78125;0,35211288928985596
21.10.2023 02:31:51.000000;-872601,4375;-388569,65625;-484031,78125;1960907,875;0,341187983751297;1927301,125;0,3415672183036804;393235,0625;413108,5625;-19873,486328125;1993115,75;0,3293008506298065;438076,21875;0,3256560266017914;433359,46875;471480,96875;-38121,49609375;2014199,875;0,35211288928985596;499452,71875;0,34977561235427856
21.10.2023 02:31:52.000000;-849422;-352506,5625;-496915,4375;1998963,875;0,3415672183036804;2329023,5;0,34189915657043457;461757,21875;479386,8125;-17629,59375;2039192,25;0,33459556102752686;579312,1875;0,3293008506298065;521181,09375;558400,3125;-37219,18359375;2071410,875;0,34977561235427856;495265,25;0,3492657244205475
21.10.2023 02:31:53.000000;-955239,125;-454310,125;-500929;1871908,125;0,34189915657043457;2294719,25;0,3428869843482971;377437,625;395421,28125;-17983,681640625;1941197,625;0,34521499276161194;452507,75;0,33459556102752686;450757,8125;488447,59375;-37689,76953125;1963393;0,3492657244205475;507704,1875;0,355814129114151
21.10.2023 02:31:54.000000;-961426,875;-446570,09375;-514856,8125;1820949,125;0,3428869843482971;2199062,5;0,34527385234832764;370221,21875;388788,53125;-18567,3046875;1880299,125;0,3471357226371765;460090,78125;0,34521499276161194;418459,71875;458031,1875;-39571,44140625;1942041,375;0,355814129114151;430552,375;0,3583455979824066
21.10.2023 02:31:55.000000;-883369,25;-353674,5625;-529694,6875;1791314,75;0,34527385234832764;2189228,25;0,34713229537010193;485503,46875;502402,6875;-16899,23046875;1785296,375;0,34884732961654663;461036,1875;0,3471357226371765;516392,71875;556287,875;-39895,17578125;1819006,75;0,3583455979824066;433088,25;0,35786306858062744
21.10.2023 02:31:56.000000;-901611,875;-366736,125;-534875,75;1708513;0,34713229537010193;2131882;0,3444247245788574;478681,6875;494384,90625;-15703,22265625;1724479,875;0,3499131202697754;475002,40625;0,34884732961654663;493819,28125;533838,125;-40018,84765625;1773608,75;0,35786306858062744;356538,59375;0,3549932837486267
21.10.2023 02:31:57.000000;-942615,25;-403979,6875;-538635,5625;1502367,375;0,3444247245788574;1985641,75;0,34526070952415466;408324,75;424818,03125;-16493,279296875;1522155,875;0,3499997556209564;249422,265625;0,3499131202697754;408232,5;449219,9375;-40987,4296875;1616370,5;0,3549932837486267;275394,375;0,35533076524734497
21.10.2023 02:31:58.000000;-858125,9375;-311520,90625;-546605,0625;1636773,625;0,34526070952415466;1593331;0,34497302770614624;473365,75;491403,625;-18037,880859375;1653870,625;0,34958890080451965;287715,125;0,3499997556209564;473682,4375;515714,40625;-42031,99609375;1637769,875;0,35533076524734497;592362,8125;0,35556653141975403
21.10.2023 02:31:59.000000;-863507,6875;-308588,59375;-554919,0625;1666783,375;0,34497302770614624;2088825,5;0,3448667526245117;488622,625;507268,6875;-18646,048828125;1655464,625;0,348998099565506;332261,75;0,34958890080451965;508326,46875;548641,75;-40315,26171875;1672041,875;0,35556653141975403;502168,15625;0,3556399345397949
21.10.2023 02:32:00.000000;-917221,75;-357659,875;-559561,875;1559003,875;0,3448667526245117;1849701,5;0,34434354305267334;442989,40625;462406,90625;-19417,4921875;1585036,375;0,348979115486145;577957,375;0,348998099565506;468567,09375;509461,28125;-40894,203125;1607958;0,3556399345397949;265117,09375;0,3493194878101349
21.10.2023 02:32:01.000000;-911576;-341114,15625;-570461,8125;1623140;0,34434354305267334;1786017,75;0,34416821599006653;457648,15625;478006,84375;-20358,6875;104535,6796875;0,6734537482261658;257959,796875;0,348979115486145;483182,3125;525393,75;-42211,45703125;1650063,5;0,3493194878101349;473376,84375;0,3490069806575775
21.10.2023 02:32:02.000000;-897048,1875;-317061,75;-579986,4375;1771536,25;0,34416821599006653;1865476,125;0,34409812092781067;477865,1875;499749,53125;-21884,33203125;1711798,875;0,3503483831882477;359825,875;0,6734537482261658;498549,09375;540533,375;-41984,296875;1762970;0,3490069806575775;396600,78125;0,3445950448513031
21.10.2023 02:32:03.000000;-947189;-362737,75;-584451,25;1570930,25;0,34409812092781067;2219693,75;0,3335738182067871;430453,03125;452063,65625;-21610,611328125;1603592,375;0,3524836599826813;668294,6875;0,3503483831882477;449160,96875;490909,25;-41748,27734375;1611297,25;0,3445950448513031;338645,28125;0,3490235209465027
21.10.2023 02:32:04.000000;-970948,8125;-376671,25;-594277,5625;1370713,25;0,3335738182067871;1828905,75;0,3445037007331848;407653,875;429925,21875;-22271,34375;1403865,25;0,35455334186553955;323420,46875;0,3524836599826813;429256,40625;471003,375;-41746,96875;1406421,25;0,3490235209465027;310464,96875;0,3436509966850281
21.10.2023 02:32:05.000000;-933239,375;-330834,8125;-602404,5625;1463113,5;0,3445037007331848;1532250,25;0,3323313295841217;470180,71875;492025,8125;-21845,10546875;1453073,125;0,3562711775302887;242827,171875;0,35455334186553955;497827,40625;539207,625;-41380,21484375;1494543,75;0,3436509966850281;491000,4375;0,34303659200668335
21.10.2023 02:32:06.000000;-959123,8125;-355053,03125;-604070,8125;1297892;0,3323313295841217;1537479,25;0,35333600640296936;455095,75;477453,3125;-22357,568359375;438249,96875;0,6074959635734558;247526,125;0,3562711775302887;496716,65625;537970,8125;-41254,1796875;1373431,75;0,34303659200668335;335507,25;0,3479349911212921
21.10.2023 02:32:07.000000;-978487,5625;-370776,6875;-607710,875;1103287,75;0,35333600640296936;1755689,5;0,3519590198993683;434342,65625;456938,0625;-22595,390625;1101062;0,3536451458930969;447482,65625;0,6074959635734558;485950,9375;527654,625;-41703,703125;1125285,75;0,3479349911212921;321675;0,3476122319698334
21.10.2023 02:32:08.000000;-1053704,375;-441666,8125;-612037,5625;959408,375;0,3519590198993683;1445922,25;0,3503824770450592;361745,78125;386660,65625;-24914,876953125;970095,8125;0,3504294455051422;496779,15625;0,3536451458930969;410917,4375;452308,0625;-41390,63671875;978225,4375;0,3476122319698334;331127,5;0,35089805722236633
21.10.2023 02:32:09.000000;-1100851,625;-487129,3125;-613722,3125;1089856,625;0,3503824770450592;1353319;0,34883174300193787;315946,15625;341069,65625;-25123,490234375;1121363;0,3504294455051422;19690,609375;0,3504294455051422;361125,28125;401834,21875;-40708,93359375;1105202,25;0,35089805722236633;314625,34375;0,34999117255210876
21.10.2023 02:32:10.000000;-1153737;-541039;-612697,9375;672990,1875;0,34883174300193787;1324073,5;0,3474278748035431;295212,0625;320215,78125;-25003,693359375;666815,25;0,3450433015823364;228654,46875;0,3504294455051422;340655,375;381135,6875;-40480,28515625;685285,4375;0,34999117255210876;146743,0625;0,3490745723247528
21.10.2023 02:32:11.000000;-1144509,5;-535193,875;-609315,6875;612971,3125;0,3474278748035431;651203,5625;0,3492138087749481;332258,78125;357109,25;-24850,478515625;663050,8125;0,3400205671787262;289918,21875;0,3450433015823364;371344,875;411538,40625;-40193,54296875;484602,125;0,3490745723247528;513737,84375;0,6624999046325684
21.10.2023 02:32:12.000000;-1125597,25;-515608,25;-609989;674866,125;0,3492138087749481;1270030,5;0,34864458441734314;340801,65625;366125,0625;-25323,390625;599826,6875;0,3400205671787262;57317,4140625;0,3400205671787262;358622,21875;398930,5625;-40308,3203125;962949,5625;0,6624999046325684;52765,04296875;0,6624140739440918
21.10.2023 02:32:13.000000;-1117380,25;-502369,9375;-615010,375;926961,375;0,34864458441734314;919612,9375;0,3376114070415497;319795,84375;345072,4375;-25276,6015625;890167,4375;0,33924978971481323;152893,296875;0,3400205671787262;343369,25;384325,125;-40955,8671875;514715,125;0,6624140739440918;141709,46875;0,35202866792678833
21.10.2023 02:32:14.000000;-1109463,375;-493927,625;-615535,75;1035471,625;0,3376114070415497;747478,6875;0,3376114070415497;299448;324705,875;-25257,861328125;1031338,1875;0,31976237893104553;168980,234375;0,33924978971481323;325651,75;366591,90625;-40940,1796875;1043819,5625;0,35202866792678833;217076,71875;0,3518068790435791
21.10.2023 02:32:15.000000;-1105806,375;-489550,96875;-616255,4375;1058740,75;0,3376114070415497;1199758,25;0,34393325448036194;287256,5;313442,9375;-26186,439453125;1088498,375;0,3147330582141876;355479,90625;0,31976237893104553;379513,625;420918,15625;-41404,54296875;1094241,25;0,3518068790435791;279031,5625;0,34254953265190125
21.10.2023 02:32:16.000000;-1086347,5;-465680,28125;-620667,125;1019650,9375;0,3421032726764679;1247937,875;0,3421032726764679;281861,8125;308127,4375;-26265,6328125;304623,96875;0,6426606178283691;218992,8125;0,3147330582141876;408596,625;450038,1875;-41441,5546875;1050976,375;0,34254953265190125;223444,9375;0,33956557512283325
21.10.2023 02:32:17.000000;-1084535,25;-460051,4375;-624483,8125;941790,375;0,33961963653564453;1282696,25;0,33961963653564453;281973,09375;308799,15625;-26826,076171875;82999,421875;1,1101118326187134;434127,09375;0,6426606178283691;428683,5625;469596,21875;-40912,66015625;966406,1875;0,33956557512283325;208826,890625;0,336167573928833
21.10.2023 02:32:18.000000;-1084483,5;-453534,3125;-630949,125;855515,625;0,32475388050079346;1310859,75;0,32475388050079346;260762,0625;287793,5;-27031,455078125;885052,8125;0,33290132880210876;506063,09375;1,1101118326187134;414835,3125;455039,625;-40204,30859375;882272,75;0,336167573928833;113677,328125;0,3361838161945343
21.10.2023 02:32:19.000000;-1083168,75;-452098,5;-631070,3125;525949,8125;0,33253663778305054;995885,25;0,33253663778305054;258433,140625;284964,40625;-26531,28125;342251,6875;0,6459643840789795;300845,25;0,33290132880210876;412085,78125;452078,78125;-39993,00390625;557278,1875;0,3361838161945343;298668,625;0,3413763642311096
21.10.2023 02:32:20.000000;-1076007,875;-447225,84375;-628782;274951,5;0,3334400951862335;403185,125;0,3334400951862335;268167,59375;294508,21875;-26340,60546875;154828,40625;0,34670931100845337;285447,59375;0,6459643840789795;423150,21875;463363,28125;-40213,0625;187516,40625;0,3413763642311096;149086,484375;0,6466126441955566
21.10.2023 02:32:21.000000;-1074610,75;-445254,65625;-629356,125;191718,203125;0,33975133299827576;200470,953125;0,33975133299827576;266945,84375;293284,40625;-26338,5625;205888,4375;0,3475039303302765;301372,625;0,34670931100845337;424229,34375;464496,25;-40266,90625;113795,90625;0,6466126441955566;57920,1796875;0,3711147606372833
21.10.2023 02:32:22.000000;-1081840,625;-452278,84375;-629561,8125;532093,1875;0,3623140752315521;112592,3359375;0,3623140752315521;271615,25;297930,5;-26315,224609375;544062,9375;0,3457854688167572;282116,625;0,3475039303302765;431053,90625;471535,03125;-40481,125;571295;0,3711147606372833;319044;0,3737419545650482
21.10.2023 02:32:23.000000;-1098851,875;-468980,5625;-629871,25;227267,25;0,628078818321228;569507,8125;0,628078818321228;286803,9375;313059,625;-26255,689453125;441927,3125;0,2991603910923004;252066,3125;0,3457854688167572;425219,875;465665,65625;-40445,7890625;670896,0625;0,3737419545650482;234016,75;0,3948020339012146
21.10.2023 02:32:24.000000;-1107470,75;-475456,875;-632013,8125;750779,0625;0,3684118092060089;722837,4375;0,3684118092060089;282412,71875;308475,59375;-26062,87890625;704415,6875;0,28920766711235046;171262,1875;0,2991603910923004;437783,40625;478544,375;-40760,96484375;792345,6875;0,3948020339012146;132644,15625;0,38758596777915955
21.10.2023 02:32:25.000000;-1089444,375;-456679,71875;-632764,6875;761533,8125;0,3690282702445984;655280,75;0,3690282702445984;302893,5625;329504,625;-26611,072265625;781849,4375;0,31938233971595764;101160,03125;0,28920766711235046;454637,8125;495900,90625;-41263,0703125;812573,8125;0,38758596777915955;192371,515625;0,3179863691329956
21.10.2023 02:32:26.000000;-1069274,75;-435421,375;-633853,375;769449,625;0,3695427179336548;1082885,5;0,3695427179336548;322434,0625;349229;-26794,94140625;552755,375;0,30909210443496704;435939,625;0,31938233971595764;479071,40625;520278,5625;-41207,1484375;786208;0,3179863691329956;87766,890625;0,3143174350261688
21.10.2023 02:32:27.000000;-1070549,875;-430994,5625;-639555,3125;758364,1875;0,36198657751083374;874951,6875;0,36198657751083374;326100,5;353089,46875;-26988,9765625;312074;0,3121366798877716;489205,53125;0,30909210443496704;480951,5;522218,15625;-41266,6796875;327909,6875;0,3143174350261688;169664,546875;0,3093246817588806
21.10.2023 02:32:28.000000;-1073079,125;-434463,21875;-638615,875;260502,84375;0,3168841302394867;414770,03125;0,3168841302394867;320545,03125;347431,78125;-26886,74609375;40107,37890625;1,0091817378997803;91488,3671875;0,3121366798877716;476684,96875;518005,96875;-41321,015625;389435,90625;0,3093246817588806;233112,3125;0,30504655838012695
21.10.2023 02:32:29.000000;-1072716,375;-434210,1875;-638506,1875;330545,4375;0,3159450590610504;218375,859375;0,3159450590610504;320027;346945,9375;-26918,947265625;147153,28125;0,30579909682273865;115836,9609375;1,0091817378997803;476620,65625;518037,5625;-41416,91796875;125460,890625;0,30504655838012695;212357,8125;0,30504655838012695
21.10.2023 02:32:30.000000;-1078506,75;-439330,28125;-639176,4375;362371,1875;0,31122323870658875;239901,34375;0,31122323870658875;319407,65625;346351,9375;-26944,27734375;153644,515625;1,021774172782898;161669,15625;0,30579909682273865;475612,28125;517048,6875;-41436,4140625;298463,0625;0,30504655838012695;86002,2734375;0,30478712916374207
21.10.2023 02:32:31.000000;-1087600,125;-447036,28125;-640563,875;820530,1875;0,40123745799064636;461701,46875;0,40123745799064636;326880,71875;353634,6875;-26753,962890625;515828,5;1,0059260129928589;402546,71875;1,021774172782898;482775,375;524348,25;-41572,8515625;626763,6875;0,30478712916374207;196845,515625;0,30667948722839355
21.10.2023 02:32:32.000000;-1091944,625;-450656,375;-641288,1875;962164,5;0,400524765253067;1086757;0,400524765253067;327303,96875;354056,5625;-26752,59375;459917,625;1,0041005611419678;109758,53125;1,0059260129928589;485666,15625;527195,6875;-41529,51953125;533184,3125;0,30667948722839355;206869,828125;0,3075915575027466
21.10.2023 02:32:33.000000;-1124006,125;-482282,8125;-641723,25;1019561,75;0,39935463666915894;1242914,625;0,39935463666915894;323361,1875;350199,1875;-26837,9765625;176822,8125;1,0034335851669312;108383,9453125;1,0041005611419678;452928,09375;494854,25;-41926,1484375;908346,875;0,3075915575027466;243914,65625;0,3863767683506012
21.10.2023 02:32:34.000000;-1180342,875;-537873,4375;-642469,4375;1093270,75;0,3999732732772827;1201760,125;0,3999732732772827;301762,03125;328188,71875;-26426,67578125;348581,3125;1,0034335851669312;8489,7998046875;1,0034335851669312;439032,71875;481620,53125;-42587,78515625;1137678,625;0,3863767683506012;240665,75;0,30911576747894287
21.10.2023 02:32:35.000000;-1208126,5;-562486,75;-645639,8125;1128597,5;0,4009116590023041;1335378,625;0,4009116590023041;266823,03125;293565,3125;-26742,302734375;54902,71484375;1,488572597503662;42076,0546875;1,0034335851669312;473268,09375;515639,40625;-42371,30859375;1099316,75;0,30911576747894287;224151,3125;0,2959975600242615
21.10.2023 02:32:36.000000;-1233507,5;-586019,875;-647487,6875;1030437,6875;0,4027440547943115;1416074;0,4027440547943115;273027,09375;299342,84375;-26315,73828125;341190,53125;1,4895894527435303;156627,421875;1,488572597503662;405192,75;447695,46875;-42502,71875;566698,125;0,2959975600242615;234396,5625;0,29693475365638733
21.10.2023 02:32:37.000000;-1262715,125;-610115,75;-652599,4375;979610,75;0,4105152189731598;1025695,625;0,4105152189731598;270575,4375;296911,1875;-26335,765625;244812;1,4901082515716553;162940,421875;1,4895894527435303;379878,59375;422727,6875;-42849,0625;383484,53125;0,29693475365638733;115071,390625;0,38280314207077026
21.10.2023 02:32:38.000000;-1274283,375;-618081,75;-656201,625;934363,375;0,40307143330574036;1145008,125;0,40307143330574036;268395,5;294672,28125;-26276,7578125;439398,875;1,994299054145813;26711,74609375;1,4901082515716553;362746,125;405505,03125;-42758,921875;942256,8125;0,38280314207077026;114561,296875;0,3883383870124817
21.10.2023 02:32:39.000000;-1285466,875;-627242,0625;-658224,8125;1014055,375;0,39908066391944885;1163168,875;0,39908066391944885;260910,5625;287682,84375;-26772,287109375;262329,96875;1,9959520101547241;71571,71875;1,994299054145813;358230,5625;401600,6875;-43370,13671875;1025746,4375;0,3883383870124817;223065,890625;0,3657851219177246
21.10.2023 02:32:40.000000;-1291992,125;-628537,875;-663454,25;1192190,625;0,3953728675842285;1016388,4375;0,3953728675842285;262593,25;289750,09375;-27156,830078125;213222,265625;1,9984678030014038;62294,1640625;1,9959520101547241;360640,375;404559,28125;-43918,87890625;1249937;0,3657851219177246;154512,078125;0,37204647064208984
21.10.2023 02:32:41.000000;-1304245,75;-636719;-667526,75;1281485,25;0,36081716418266296;1212307,25;0,36081716418266296;278278,21875;306012,75;-27734,552734375;390513,90625;2,0021042823791504;111703,765625;1,9984678030014038;364105,8125;408392,5625;-44286,75390625;1366584,375;0,37204647064208984;216411,34375;0,3714463710784912
21.10.2023 02:32:42.000000;-1312573,25;-639823,625;-672749,625;1232994,875;0,3260643184185028;1288133,875;0,3260643184185028;317304,34375;344445,78125;-27141,421875;138066,640625;0,760278582572937;35999,24609375;2,0021042823791504;372837,875;417218,3125;-44380,421875;1439764,625;0,3714463710784912;294956,40625;0,39219343662261963
21.10.2023 02:32:43.000000;-1345476,75;-667316,5625;-678160,1875;1335060,25;0,342696875333786;1427079,875;0,342696875333786;292913,125;319472,59375;-26559,470703125;232646,78125;0,7605899572372437;339711,59375;0,760278582572937;324503,125;369670,9375;-45167,8203125;1514281;0,39219343662261963;266675,65625;0,3932386040687561
21.10.2023 02:32:44.000000;-1340517,625;-654726,9375;-685790,75;1363299,25;0,37695175409317017;1481248,875;0,37695175409317017;310075,5;336248,15625;-26172,64453125;387610,90625;1,009460210800171;249029,546875;0,7605899572372437;340426,03125;386690,96875;-46264,9453125;1452854,5;0,3932386040687561;269162,15625;0,39390337467193604
21.10.2023 02:32:45.000000;-1310834,125;-619450,625;-691383,5;1186398,75;0,3789263367652893;1469747,25;0,3789263367652893;359691,4375;385086;-25394,53515625;179264,484375;1,0112135410308838;322792,90625;1,009460210800171;388007,5;433886,28125;-45878,78515625;1235985;0,39390337467193604;114186,015625;0,3940519094467163
21.10.2023 02:32:46.000000;-1299230,625;-607876,5625;-691354;1103985,125;0,37987878918647766;1236470,375;0,37987878918647766;374992,1875;400239,46875;-25247,2734375;307560,21875;1,0212515592575073;184938,671875;1,0112135410308838;437199;482481,65625;-45282,64453125;1081636,25;0,3940519094467163;169252,53125;0,37197551131248474
21.10.2023 02:32:47.000000;-1328825,625;-636617,5;-692208,125;400183,6875;0,3851839303970337;1093434,375;0,3851839303970337;351714,5;377043,28125;-25328,7734375;382105,8125;1,004485845565796;199901,1875;1,0212515592575073;477341,09375;522639,03125;-45297,94921875;449064,3125;0,37197551131248474;128975,8515625;0,3731028437614441
21.10.2023 02:32:48.000000;-1329297,5;-636623,9375;-692673,625;533531,625;0,3851427435874939;380284,6875;0,3851427435874939;360272,8125;385844,3125;-25571,4921875;543985,3125;0,3907613158226013;131095,625;1,004485845565796;485383,375;530910,375;-45526,99609375;393130;0,3731028437614441;193390,921875;0,38058724999427795
21.10.2023 02:32:49.000000;-1324287;-630888,125;-693398,875;898658,9375;0,3592837154865265;325174,34375;0,3592837154865265;364706,53125;391135,25;-26428,7109375;916498,3125;0,3649645447731018;461737,5625;0,3907613158226013;500542,25;546744,5;-46202,27734375;983523,125;0,38058724999427795;364258,28125;0,38005223870277405
21.10.2023 02:32:50.000000;-1332761,375;-640503,375;-692258;1018246,625;0,3545265793800354;1222609,875;0,3545265793800354;369454,4375;396253,75;-26799,337890625;1065529,5;0,35990315675735474;394692,84375;0,3649645447731018;594313,1875;640569,5;-46256,359375;1166916;0,38005223870277405;373205,6875;0,3798408806324005
21.10.2023 02:32:51.000000;-1374641,75;-677182,875;-697458,875;1221421,875;0,3763311505317688;1470330,375;0,3763311505317688;367271,59375;394453,125;-27181,525390625;309185,5;1,0067209005355835;88955,8203125;0,35990315675735474;559856,875;606562,25;-46705,40234375;1284146,5;0,3798408806324005;219601,265625;0,3891594111919403
21.10.2023 02:32:52.000000;-1312656,125;-607069,5625;-705586,5625;1173688,375;0,3753357529640198;1527170,875;0,3753357529640198;440589,25;468196,5;-27607,25390625;1160705,375;0,3234308660030365;160541,875;1,0067209005355835;635449,25;682298,5;-46849,26953125;1266442,875;0,3891594111919403;363256,34375;0,38246971368789673
21.10.2023 02:32:53.000000;-1338205,25;-627320,625;-710884,625;988827,3125;0,3888629972934723;1714869,375;0,3888629972934723;426206,65625;453911,0625;-27704,412109375;1075875,25;0,30745482444763184;685749,9375;0,3234308660030365;716718,3125;763180,8125;-46462,5;1072747,375;0,38246971368789673;380659,65625;0,3134724497795105
21.10.2023 02:32:54.000000;-1340288,125;-623812;-716476,0625;881875;0,3781581223011017;1271297;0,3781581223011017;444929,5625;472834,1875;-27904,640625;682500,75;0,3038592040538788;523842,21875;0,30745482444763184;776067;822585,3125;-46518,3125;720928,1875;0,3134724497795105;323718,21875;0,30922403931617737
21.10.2023 02:32:55.000000;-1348802,5;-631009,5;-717793;1214613,125;0,3372613191604614;1130607,125;0,3372613191604614;489998,59375;518058,125;-28059,546875;1041721,5;0,30117225646972656;237116,953125;0,3038592040538788;823264,3125;870118,4375;-46854,16015625;1304923,75;0,30922403931617737;289321,625;0,30634182691574097
21.10.2023 02:32:56.000000;-1377683,375;-661400,625;-716282,75;1233497,125;0,33104076981544495;724372,8125;0,33104076981544495;477879,59375;506028,5;-28148,896484375;191716,53125;0,9333480596542358;365385,59375;0,30117225646972656;812329,6875;859106,4375;-46776,71875;697232;0,30634182691574097;236438,984375;0,3051954507827759
21.10.2023 02:32:57.000000;-1409843,875;-693587,125;-716256,6875;737516,3125;0,3256851136684418;827977,125;0,3256851136684418;460631,125;489093,34375;-28462,216796875;192163,703125;0,9358001351356506;343615,21875;0,9333480596542358;795098,125;842205,875;-47107,73828125;483157,28125;0,3051954507827759;190337,46875;0,3058915436267853
21.10.2023 02:32:58.000000;-1423268,375;-706627,5625;-716640,8125;608087,875;0,32386842370033264;711473,25;0,32386842370033264;447719,125;476364,03125;-28644,90234375;156414,921875;0,9358506202697754;229069,515625;0,9358001351356506;781546,75;828869,5625;-47322,8359375;546671,875;0,3058915436267853;80698,84375;0,2983747124671936
21.10.2023 02:32:59.000000;-1404068,125;-685952,875;-718115,25;955851,375;0,32325083017349243;317270,40625;0,32325083017349243;474606,6875;503350,6875;-28744,009765625;362505,5625;0,253807932138443;151179,71875;0,9358506202697754;786395,625;833135,75;-46740,13671875;848488,8125;0,2983747124671936;253938,984375;0,35699063539505005
21.10.2023 02:33:00.000000;-1387761,625;-664830,625;-722931;1359021,125;0,34394729137420654;1261299,625;0,34394729137420654;471785,8125;501309,53125;-29523,70703125;477433,53125;1,4603784084320068;99570,8828125;0,253807932138443;774473,1875;820410,3125;-45937,14453125;1460279,25;0,35699063539505005;349844,0625;0,36118000745773315
21.10.2023 02:33:01.000000;-1405987;-679022,3125;-726964,6875;1181884;0,34134960174560547;1887108;0,34134960174560547;466139,25;495871,875;-29732,611328125;808958,75;1,4461543560028076;67245,296875;1,4603784084320068;788184,9375;834480,375;-46295,4296875;1438543,875;0,36118000745773315;79704,3125;1,0028773546218872
21.10.2023 02:33:02.000000;-1423337,75;-691369,5625;-731968,1875;1348572,375;0,3124268651008606;923507,4375;0,3124268651008606;511194,71875;541419,5625;-30224,869140625;311114,46875;0,9698168039321899;168101,953125;1,4461543560028076;832892;879790,1875;-46898,13671875;341036,53125;1,0028773546218872;188280,09375;0,36317938566207886
21.10.2023 02:33:03.000000;-1369368,125;-628037,625;-741330,4375;1539488;0,3124268651008606;1248546,125;0,3124268651008606;585653,3125;616951,875;-31298,56640625;196545,953125;1,4564096927642822;44136,0078125;0,9698168039321899;893927,8125;942844,9375;-48917,140625;1623611,375;0,36317938566207886;528999,125;0,3672534227371216
21.10.2023 02:33:04.000000;-1363350,375;-615604,9375;-747745,375;1633036;0,3572154641151428;1880826,75;0,3572154641151428;605158,6875;636373,3125;-31214,634765625;252100,4375;0,9912705421447754;28188,974609375;1,4564096927642822;899614,125;948989,375;-49375,25;1696781;0,3672534227371216;462978,71875;0,3663642704486847
21.10.2023 02:33:05.000000;-1452399,125;-700166,25;-752232,875;1611941,375;0,36107969284057617;1897228,375;0,36107969284057617;525153,125;557284,5625;-32131,486328125;319442,21875;0,9973235130310059;83783,4921875;0,9912705421447754;815446,375;865833,875;-50387,49609375;1685116;0,3663642704486847;431106,75;0,3736344277858734
21.10.2023 02:33:06.000000;-1436529;-672293,4375;-764235,5625;1450036,875;0,36316514015197754;1884109;0,36316514015197754;551063,25;585024,3125;-33961,05078125;230609,296875;0,9973235130310059;262430,21875;0,9973235130310059;839669,875;890804,1875;-51134,28515625;1554379,625;0,3736344277858734;399339,53125;0,3598843216896057
21.10.2023 02:33:07.000000;-1395932,75;-622724,3125;-773208,5;1295388,5;0,383816659450531;1808708,875;0,383816659450531;599184,125;632793,1875;-33609,03515625;1331830,875;0,36032968759536743;214278,34375;0,9973235130310059;902088;951745,875;-49657,90234375;1361855,25;0,3598843216896057;367270,40625;0,35817161202430725
21.10.2023 02:33:08.000000;-1425305,5;-646170,75;-779134,75;1336546,125;0,35875752568244934;1495964,25;0,35875752568244934;571449,25;605791,5625;-34342,33984375;1388538,875;0,3587121069431305;163984,28125;0,3587121069431305;886035,8125;934915,625;-48879,82421875;1416589,125;0,35817161202430725;221058,9375;0,3564399182796478
21.10.2023 02:33:09.000000;-1424923,875;-642771,8125;-782152,0625;985536,375;0,3568733036518097;1431967,25;0,3568733036518097;552795,6875;586938;-34142,27734375;1018873,875;0,35799726843833923;307625,8125;0,35799726843833923;874611,3125;923746,5;-49135,19921875;1062001,125;0,3564399182796478;105398,640625;0,35304170846939087
21.10.2023 02:33:10.000000;-1415977,75;-629267,5;-786710,1875;876376,25;0,35507524013519287;1136462,375;0,35507524013519287;573564,4375;607435,1875;-33870,75;881250,5;0,3543263077735901;189814,109375;0,3543263077735901;859924,5;909480,0625;-49555,5625;933852,5;0,35304170846939087;144536,234375;0,3456769287586212
21.10.2023 02:33:11.000000;-1445523,75;-655701,375;-789822,375;683837,5;0,3534431755542755;1037522,125;0,3534431755542755;550693,75;584682,25;-33988,54296875;735026,6875;0,3464371860027313;66037,6484375;0,3464371860027313;828585,5625;877799,8125;-49214,25;773924,1875;0,3456769287586212;60679,3203125;0,3453396260738373
21.10.2023 02:33:12.000000;-1449623,125;-661419,6875;-788203,375;597975,625;0,33992499113082886;721726;0,33992499113082886;537415,125;571380,25;-33965,09375;651237,25;0,3458002209663391;45319,953125;0,3458002209663391;836687,125;885857,1875;-49170,0078125;691347,8125;0,3453396260738373;48771,203125;0,34028223156929016
21.10.2023 02:33:13.000000;-1452452,125;-663524,75;-788927,375;297485,21875;0,3386499583721161;451145,96875;0,3386499583721161;536988,9375;571002,4375;-34013,52734375;343167,75;0,3404991030693054;78108,921875;0,3404991030693054;838803,25;887998,8125;-49195,51171875;317007,1875;0,34028223156929016;17272,77734375;0,3469851613044739
21.10.2023 02:33:14.000000;-1457727,75;-668651,25;-789076,4375;643398,6875;0,3380662500858307;145004,28125;0,3380662500858307;531003,0625;565236,75;-34233,734375;747876,3125;0,3468855917453766;261036,59375;0,3468855917453766;836494,875;885884,625;-49389,78125;750897,0625;0,3469851613044739;255288,359375;0,34870481491088867
21.10.2023 02:33:15.000000;-1475174,5;-685174,4375;-790000,0625;704019,8125;0,33117663860321045;708241,75;0,33117663860321045;598463,4375;632630,875;-34167,4375;228447,65625;0,7383267283439636;319415,40625;0,3483622074127197;833022,5625;882582,4375;-49559,890625;1123589,125;0,34870481491088867;222999,421875;0,36342617869377136
21.10.2023 02:33:16.000000;-1455212,625;-661099,375;-794113,1875;1123154,625;0,3335008919239044;1207499,875;0,3335008919239044;576314,375;610463,625;-34149,25;205801,46875;0,7822422385215759;299903,59375;0,7383267283439636;831931,375;881610,875;-49679,48828125;1241807,625;0,36342617869377136;173362,328125;0,367064505815506
21.10.2023 02:33:17.000000;-1428169;-628659,3125;-799509,625;1261843,375;0,34947678446769714;1323482;0,34947678446769714;578313,9375;612839,75;-34525,8203125;46865,48828125;0,7822862863540649;158938,078125;0,7822422385215759;849740,8125;900094,25;-50353,4453125;1324741,875;0,367064505815506;380826,0625;0,3713686466217041
21.10.2023 02:33:18.000000;-1394054,125;-589285;-804769,125;1218754,875;0,3631034195423126;1490673,5;0,3631034195423126;622154,6875;657190,5;-35035,80078125;96458,3671875;0,7871705293655396;199102,34375;0,7822862863540649;893286,0625;943235,375;-49949,3359375;1255310,25;0,3713686466217041;311104;0,31323790550231934
21.10.2023 02:33:19.000000;-1454094,25;-648515,5;-805578,6875;1072551,5;0,3923553228378296;1328409,5;0,3923553228378296;582808,1875;618286;-35477,828125;399822,96875;0,7932561039924622;220851,03125;0,7871705293655396;874009,8125;924401;-50391,20703125;1183052,5;0,31323790550231934;459263,5625;0,3001871109008789
21.10.2023 02:33:20.000000;-1440132,625;-629174,375;-810958,3125;1081189,625;0,40630239248275757;1185331;0,40630239248275757;621986,0625;657500,125;-35514,02734375;212919,734375;0,19352366030216217;229882,140625;0,7932561039924622;957107,1875;1007145,8125;-50038,6640625;1205538,75;0,3001871109008789;324385,875;0,2814658284187317
21.10.2023 02:33:21.000000;-1480646,125;-670109,75;-810536,3125;678532,5;0,41650933027267456;1255281,125;0,41650933027267456;577497,6875;613115,0625;-35617,3828125;1113137,375;0,3220631182193756;268465,78125;0,19352366030216217;904929,9375;955071,375;-50141,453125;1025073,3125;0,2814658284187317;331171,03125;0,30554476380348206
21.10.2023 02:33:22.000000;-1439941,25;-627285,3125;-812656;856106,375;0,4090881943702698;1261973,25;0,4090881943702698;634312,875;671167,375;-36854,5234375;965331;0,3056032359600067;496077,90625;0,3220631182193756;926631,25;977844,5;-51213,2109375;952939,125;0,30554476380348206;389555,9375;0,3024595081806183
21.10.2023 02:33:23.000000;-1426740,375;-610786,625;-815953,6875;850175,4375;0,40294769406318665;971218,5625;0,40294769406318665;707195,875;744634,0625;-37438,16796875;231213,9375;0,8556181788444519;417418,84375;0,3056032359600067;940245,625;992219,4375;-51973,796875;919228,5;0,3024595081806183;197414,671875;0,3695143759250641
21.10.2023 02:33:24.000000;-1471522,125;-653035,6875;-818486,4375;882882,125;0,3091011643409729;1356335,875;0,3091011643409729;699124,625;736488,9375;-37364,30078125;436833,0625;0,6066051125526428;369531,34375;0,8556181788444519;921190,875;972781,9375;-51591,09375;1086599,625;0,3695143759250641;163251,90625;0,3798563480377197
21.10.2023 02:33:25.000000;-1488288,875;-664138,125;-824150,75;438039,71875;0,22302129864692688;513457,25;0,22302129864692688;722642,5625;759784,25;-37141,68359375;766773,6875;0,3391386568546295;206129,78125;0,6066051125526428;928037,1875;979302,6875;-51265,4609375;846424,3125;0,3798563480377197;128548,46875;0,3691575229167938
21.10.2023 02:33:26.000000;-1498713,5;-672869,375;-825844,1875;355701,8125;0,22302129864692688;1218073,625;0,22302129864692688;740995,4375;778311,1875;-37315,76953125;181187,34375;0,8639525771141052;106793,9765625;0,3391386568546295;949197,5625;1000621;-51423,46875;762977,9375;0,3691575229167938;112349,46875;0,36421409249305725
21.10.2023 02:33:27.000000;-1482658,375;-657594,375;-825063,9375;914025,25;0,36302649974823;714676,875;0,3488325774669647;745766,25;783357;-37590,76953125;881972;0,34146806597709656;124563,4296875;0,8639525771141052;964060,9375;1016079,4375;-52018,46875;933848,1875;0,36421409249305725;194721;0,3502003252506256
21.10.2023 02:33:28.000000;-1469941,125;-643907,5625;-826033,5;1138224,125;0,3488325774669647;983390,25;0,3347822427749634;782813,25;820975,375;-38162,1328125;966112,75;0,32516977190971375;301539,5625;0,34146806597709656;1003889,0625;1055739,25;-51850,234375;1186718,25;0,3502003252506256;362475,8125;0,33729881048202515
21.10.2023 02:33:29.000000;-1406014,75;-578940,3125;-827074,4375;1014037,3125;0,3347822427749634;1526999,5;0,342622846364975;783098,5625;821578,3125;-38479,73046875;1042943,875;0,34654533863067627;282519,21875;0,32516977190971375;1010150,25;1062481,75;-52331,5625;1031031,625;0,33729881048202515;407022,90625;0,34420815110206604
21.10.2023 02:33:30.000000;-1358654,375;-523931,9375;-834722,4375;1070368,75;0,342622846364975;1373026;0,3429689407348633;814046,5625;853864,75;-39818,16015625;1090942,75;0,35078299045562744;259966,171875;0,34654533863067627;1050378,875;1103519,5;-53140,6015625;1099793,125;0,34420815110206604;350516,59375;0,3332744240760803
21.10.2023 02:33:31.000000;-1321368,25;-481545,21875;-839823,0625;1128324,5;0,3429689407348633;1345317,375;0,35387474298477173;823236;862940,4375;-39704,41015625;1147513,125;0,3562939763069153;264037,4375;0,35078299045562744;1096111;1148345,25;-52234,3203125;1159668,625;0,3332744240760803;325164,46875;0,35391393303871155
21.10.2023 02:33:32.000000;-1346966,625;-502902,84375;-844063,8125;1037072,0625;0,35387474298477173;1353696,25;0,3696577250957489;786668,9375;825698,25;-39029,265625;1036408,375;0,3623504340648651;378940,125;0,3562939763069153;1076029,625;1127380,125;-51350,5859375;1088686,625;0,35391393303871155;296421,09375;0,369116872549057
21.10.2023 02:33:33.000000;-1351520,375;-507596,96875;-843923,4375;943395,875;0,3696577250957489;1343727,625;0,3724803030490875;828269,5625;867437,5625;-39167,9765625;971616,875;0,3605591654777527;364144,65625;0,3623504340648651;1075462,375;1127052,625;-51590,30859375;1010393,1875;0,369116872549057;412289,5625;0,3717239201068878
21.10.2023 02:33:34.000000;-1374907,625;-530964,125;-843943,5;902001,3125;0,3724803030490875;1377310,625;0,36096975207328796;823909,25;863584,1875;-39674,90234375;955447,5625;0,35426002740859985;298558,15625;0,3605591654777527;1054454,875;1106092,25;-51637,34765625;970323,9375;0,3717239201068878;340522,5;0,36089465022087097
21.10.2023 02:33:35.000000;-1353284,25;-507634,65625;-845649,5625;894405,9375;0,36096975207328796;1116188,75;0,34321528673171997;849558,9375;889343,375;-39784,46484375;1028660,1875;0,3491545617580414;242881,453125;0,35426002740859985;1063858,375;1115977,75;-52119,34375;954615,1875;0,36089465022087097;207577,34375;0,3444707691669464
21.10.2023 02:33:36.000000;-1377027,375;-529137,75;-847889,625;812089,6875;0,34321528673171997;1062883,125;0,3422030508518219;798782,75;838765,6875;-39982,9296875;840410,125;0,3046853542327881;243296,046875;0,3491545617580414;1061633,125;1114326,625;-52693,4296875;851417,8125;0,3444707691669464;312331,0625;0,34327083826065063
21.10.2023 02:33:37.000000;-1355033,25;-503643,90625;-851389,375;803443,0625;0,3422030508518219;965791,125;0,34101104736328125;832321,375;872146,6875;-39825,34765625;837351,3125;0,32606127858161926;282395,21875;0,3046853542327881;1094275,875;1146834,875;-52559,078125;852118,8125;0,34327083826065063;338937,03125;0,3418334722518921
21.10.2023 02:33:38.000000;-1342045,375;-490032,65625;-852012,6875;786400;0,34101104736328125;1032097,5625;0,35685616731643677;861754,0625;900935,25;-39181,2265625;789266,75;0,3266969621181488;434917,40625;0,32606127858161926;1104896,625;1157633,375;-52736,71875;827312,4375;0,3418334722518921;212932,296875;0,3570031523704529
21.10.2023 02:33:39.000000;-1364613,25;-508443,78125;-856169,5;706036,1875;0,33457085490226746;939180;0,33457085490226746;843661,5;882362,75;-38701,2734375;157698,71875;1,0010205507278442;238749,890625;0,3266969621181488;1061681,125;1114610,375;-52929,2421875;765781,9375;0,3570031523704529;102431,234375;0,3481248617172241
21.10.2023 02:33:40.000000;-1361283,75;-503804,90625;-857478,875;1045631,8125;0,3411308228969574;464791;0,3411308228969574;858882,25;898093;-39210,7109375;393584,9375;1,018515944480896;359866,90625;1,0010205507278442;1052262,25;1105041,625;-52779,3359375;961519,0625;0,3481248617172241;258044,890625;0,36422276496887207
21.10.2023 02:33:41.000000;-1379105,75;-520249,84375;-858855,9375;748036,75;0,34162959456443787;1290074,25;0,34162959456443787;883570,6875;922771,0625;-39200,359375;766177,875;0,337626188993454;240677,390625;1,018515944480896;1067491,25;1120183,625;-52692,35546875;760503,9375;0,36422276496887207;300261,03125;0,35034748911857605
21.10.2023 02:33:42.000000;-1379598,875;-519147,03125;-860451,875;750055,625;0,33956682682037354;940006,0625;0,33956682682037354;865869,25;905404,6875;-39535,48046875;110301,421875;1,4824550151824951;204788,96875;0,337626188993454;1088356,75;1141480,875;-53124,07421875;776701,375;0,35034748911857605;370598,53125;0,3398602604866028
21.10.2023 02:33:43.000000;-1315382,625;-453328,40625;-862054,25;745804,3125;0,33338484168052673;851694,625;0,33338484168052673;893006,9375;932819,75;-39812,8359375;762370;0,3385489583015442;40760,09765625;1,4824550151824951;1160224;1213476,875;-53252,86328125;769483,25;0,3398602604866028;243360,3125;0,3394412696361542
21.10.2023 02:33:44.000000;-1309800,5;-448333,15625;-861467,3125;748287,5625;0,3335873782634735;928195;0,3335873782634735;876912,4375;917065,375;-40152,9765625;774112,625;0,3394414484500885;244139,453125;0,3385489583015442;1163645,75;1217284,875;-53639,04296875;767395,625;0,3394412696361542;273536,71875;0,3396591246128082
21.10.2023 02:33:45.000000;-1285839,375;-421465,1875;-864374,1875;635448;0,3411168158054352;984344,75;0,3411168158054352;882710,1875;922350;-39639,81640625;506638,375;0,3406729996204376;529494,5625;0,3394414484500885;1189482,875;1243554,125;-54071,26953125;665602,1875;0,3396591246128082;293311,90625;0,3399076759815216
21.10.2023 02:33:46.000000;-1299889;-433620,15625;-866268,875;470701,8125;0,34170448780059814;1042710,1875;0,34170448780059814;887553,5625;926061,6875;-38508,15234375;777193,5;0,32780975103378296;532767,625;0,3406729996204376;1177086;1230868,875;-53782,87109375;531208,875;0,3399076759815216;324774,21875;0,3398434519767761
21.10.2023 02:33:47.000000;-1311869,625;-444492,875;-867376,75;423130,4375;0,34205353260040283;582343,25;0,34205353260040283;878485,6875;916828;-38342,30859375;221755,078125;0,9989495873451233;217173,3125;0,32780975103378296;1165405,375;1219257,5;-53852,17578125;435784,1875;0,3398434519767761;80320;0,33941107988357544
21.10.2023 02:33:48.000000;-1305691,875;-438789;-866902,8125;94643,2890625;0,3412382900714874;403348,34375;0,3412382900714874;881305,4375;919791,9375;-38486,48046875;312176,78125;1,0009896755218506;349193,90625;0,9989495873451233;1171849;1225784,625;-53935,63671875;98084,9453125;0,33941107988357544;98012,59375;0,33941107988357544
21.10.2023 02:33:49.000000;-1307562,875;-440520,6875;-867042,1875;162045,796875;0,3398634195327759;363883,59375;0,3398634195327759;879740,0625;918338,9375;-38598,86328125;163004,734375;0,31867557764053345;262071,234375;1,0009896755218506;1170370,75;1224308,75;-53937,890625;90698,3828125;0,33941107988357544;104885,3125;0,3141360282897949
21.10.2023 02:33:50.000000;-1309142,125;-442027;-867115,125;201873,78125;0,32573202252388;314701,5625;0,32573202252388;878336,8125;916801,8125;-38465,01953125;197089,484375;0,3145965337753296;317933,28125;0,31867557764053345;1169226,875;1223177,375;-53950,47265625;174594,28125;0,30124202370643616;64657,25;0,30124202370643616
21.10.2023 02:33:51.000000;-1308928,125;-441406,3125;-867521,75;276624,46875;0,3213036060333252;260144,53125;0,3213036060333252;875541,625;914086,25;-38544,5859375;178856,5625;1,0249247550964355;175871,71875;0,3145965337753296;1172240,25;1226238,875;-53998,6640625;223572,21875;0,30124202370643616;52435,93359375;0,5087697505950928
21.10.2023 02:33:52.000000;-1302501,75;-434755,125;-867746,6875;464832,5625;0,31831517815589905;498983,875;0,31831517815589905;872488,5625;911483,4375;-38994,86328125;258604,703125;1,0222609043121338;309892,34375;1,0249247550964355;1174066;1228137,375;-54071,48828125;417626,78125;0,5087697505950928;23680,759765625;0,5021570324897766
21.10.2023 02:33:53.000000;-1311431,25;-443633,3125;-867798;505041,9375;0,3042219281196594;318690,125;0,3042219281196594;865775,0625;905226,875;-39451,8203125;234573,734375;1,0065088272094727;483386,65625;1,0222609043121338;1167172,625;1221358,375;-54185,81640625;183872,71875;0,5021570324897766;207352,984375;0,5021570324897766
21.10.2023 02:33:54.000000;-1318346,25;-450720;-867626,25;621892,625;0,3009631037712097;257920,9375;0,3009631037712097;861228,75;900641,6875;-39412,96484375;316375,3125;1,0051153898239136;608064,5625;1,0065088272094727;1192913,25;1247622,875;-54709,640625;195199,59375;0,5021570324897766;297425,1875;0,2832915186882019
21.10.2023 02:33:55.000000;-1319334,25;-449853,46875;-869480,8125;619569,75;0,3009631037712097;1210123;0,3009631037712097;862586,875;902371,625;-39784,7109375;128571,2890625;1,0026557445526123;436721,40625;1,0051153898239136;1196919,25;1251432,5;-54513,359375;450749,25;0,4980228841304779;72267,5546875;0,4980228841304779
21.10.2023 02:33:56.000000;-1320176,125;-450268,78125;-869907,375;787251,4375;0,4980228841304779;331744,9375;0,4980228841304779;874401,5625;914245,8125;-39844,25;395968,8125;0,9998871088027954;266380,34375;1,0026557445526123;1195045,375;1249701,25;-54655,85546875;810383,5;0,49684420228004456;108584,96875;0,49684420228004456
21.10.2023 02:33:57.000000;-1322292,875;-450848,21875;-871444,625;530370,375;0,49684420228004456;855475,375;0,49684420228004456;896768,875;937236,5625;-40467,71875;385405,125;0,9971227645874023;268750,53125;0,9998871088027954;1201101,875;1255825,25;-54723,3828125;816733,3125;0,49630144238471985;143293,140625;0,49630144238471985
21.10.2023 02:33:58.000000;-1261011,5;-387667,4375;-873344,0625;230696,859375;0,49630144238471985;701808,1875;0,49630144238471985;962549,3125;1003227,375;-40678,0078125;305819,6875;0,9954445362091064;75137,5703125;0,9971227645874023;1235692,75;1290522,75;-54830,0625;262511,875;0,4967464804649353;388825,40625;0,4967464804649353
21.10.2023 02:33:59.000000;-1247863;-371914,59375;-875948,4375;287365,375;0,4967464804649353;358709,375;0,4967464804649353;986672,1875;1027409,4375;-40737,234375;205836,25;0,9955275654792786;174816,390625;0,9954445362091064;1227833,25;1282969,5;-55136,29296875;266201,6875;0,4997462332248688;162941,890625;0,4997462332248688
21.10.2023 02:34:00.000000;-1260062,25;-381721,6875;-878340,5625;194012,15625;0,7059718370437622;80294,2734375;0,7059718370437622;980674,6875;1021616,6875;-40942,0390625;197485,015625;0,9955275654792786;38354,44140625;0,9955275654792786;1208413,375;1263616,125;-55202,765625;466814,90625;0,5033041834831238;280585,4375;0,5033041834831238
